class,district,rank,team,total_points,wins,losses,games_played,games_counted_in_sos,avg_win_loss,avg_class_bonus,avg_differential,sos_term
1,1,1,Thayer,52.119,4,2,6,6,16.6667,15.0,6.1667,14.2857
1,1,2,Hayti,44.1379,5,1,6,6,18.3333,5.0,6.6667,14.1379
1,1,3,Portageville,43.0057,4,2,6,6,16.6667,5.0,6.1667,15.1724
1,1,4,Charleston,38.5057,3,3,6,6,15.0,10.0,-1.6667,15.1724
1,1,5,Malden,27.0,1,5,6,6,11.6667,10.0,-8.6667,14.0
1,1,6,Cabool,25.6667,1,5,6,6,11.6667,10.0,-10.0,14.0
1,2,1,Louisiana,44.6667,4,2,6,6,16.6667,10.0,4.0,14.0
1,2,2,Veritas Christian Academy,36.4706,3,1,4,4,17.5,2.5,5.0,11.4706
1,2,3,Crystal City,35.2778,1,5,6,6,12.5,15.0,-6.6667,14.4444
1,2,4,Principia,30.0,1,4,5,5,12.0,10.0,-7.6,15.6
1,2,5,Grandview (Hillsboro),26.2857,0,6,6,6,10.0,15.0,-13.0,14.2857
1,3,1,Marionville,42.8333,4,2,6,6,16.6667,6.6667,3.1667,16.3333
1,3,2,Ash Grove,41.4713,5,1,6,6,18.3333,5.0,4.0,14.1379
1,3,3,Miller,37.3391,4,2,6,6,16.6667,1.6667,3.8333,15.1724
1,3,4,Pierce City,36.6667,3,3,6,6,15.0,3.3333,1.0,17.3333
1,3,5,Diamond,22.2,0,5,5,5,10.0,8.0,-10.6,14.8
1,4,1,Tipton with Bunceton,54.0,6,0,6,6,20.0,6.6667,13.0,14.3333
1,4,2,Skyline,50.8333,5,1,6,6,18.3333,6.6667,10.1667,15.6667
1,4,3,Russellville,50.6296,6,0,6,6,20.0,6.6667,11.0,12.963
1,4,4,Windsor,31.6667,3,3,6,6,15.0,3.3333,0.0,13.3333
1,4,5,Linn,17.0,0,6,6,6,10.0,8.3333,-13.0,11.6667
1,5,1,Carrollton,54.6667,5,1,6,6,18.3333,13.3333,8.6667,14.3333
1,5,2,Sherwood,37.8333,3,3,6,6,15.0,10.0,-1.1667,14.0
1,5,3,Adrian,35.0,2,4,6,6,13.3333,10.0,-3.6667,15.3333
1,5,4,North Platte,35.0,3,3,6,6,15.0,3.3333,1.3333,15.3333
1,5,5,Crest Ridge with Chilhowee,31.6667,2,4,6,6,13.3333,10.0,-5.5,13.8333
1,6,1,East Buchanan,41.5,4,2,6,6,16.6667,6.6667,2.1667,16.0
1,6,2,Plattsburg,35.8333,3,3,6,6,15.0,6.6667,-2.0,16.1667
1,6,3,Penney,32.0,2,4,6,6,13.3333,5.0,-1.0,14.6667
1,6,4,Gallatin with Tri-County,25.9943,2,4,6,6,13.3333,1.6667,-3.8333,14.8276
1,6,5,South Harrison,25.5287,1,5,6,6,11.6667,5.0,-7.0,15.8621
1,6,6,Maysville,22.8506,1,5,6,6,11.6667,3.3333,-7.6667,15.5172
1,7,1,Salisbury,46.0357,6,0,6,6,20.0,0.0,13.0,13.0357
1,7,2,Westran,35.5,4,2,6,6,16.6667,1.6667,3.5,13.6667
1,7,3,Fayette,26.5,2,4,6,6,13.3333,1.6667,-4.8333,16.3333
1,7,4,Van-Far,22.5,1,5,6,6,11.6667,5.0,-10.1667,16.0
1,7,5,Harrisburg,20.5,1,5,6,6,11.6667,1.6667,-8.1667,15.3333
1,8,1,Scotland County,45.8615,4,1,5,5,18.0,8.0,6.4,13.4615
1,8,2,South Shelby,43.1667,4,2,6,6,16.6667,10.0,3.1667,13.3333
1,8,3,Putnam County,37.3391,4,2,6,6,16.6667,1.6667,3.8333,15.1724
1,8,4,Marceline,30.6667,3,3,6,6,15.0,3.3333,-2.6667,15.0
1,8,5,Milan,11.8,0,5,5,5,10.0,2.0,-13.0,12.8
2,1,1,St. Vincent,54.6667,5,1,6,6,18.3333,11.6667,7.6667,17.0
2,1,2,Kelly,40.3333,4,2,6,6,16.6667,5.0,5.3333,13.3333
2,1,3,Caruthersville,39.5057,4,2,6,6,16.6667,3.3333,4.3333,15.1724
2,1,4,Saxony Lutheran,37.0154,3,2,5,5,16.0,4.0,2.4,14.6154
2,1,5,Central (New Madrid County),21.8448,1,5,6,6,11.6667,3.3333,-8.5,15.3448
2,1,6,East Prairie,17.5,1,5,6,6,11.6667,3.3333,-10.6667,13.1667
2,2,1,Valle Catholic,59.3333,6,0,6,6,20.0,10.0,13.0,16.3333
2,2,2,Jefferson (Festus),48.6667,4,2,6,6,16.6667,13.3333,4.3333,14.3333
2,2,3,Miller Career Academy with Sumner,35.3333,1,5,6,6,11.6667,16.6667,-8.6667,15.6667
2,2,4,Montgomery County,31.8333,4,2,6,6,16.6667,0.0,2.5,12.6667
2,2,5,Duchesne,27.1667,2,4,6,6,13.3333,5.0,-5.3333,14.1667
2,2,6,Hermann,24.0,1,5,6,6,11.6667,6.6667,-10.6667,16.3333
2,2,7,Confluence Prep Academy Charter,18.6957,0,5,5,5,10.0,8.0,-13.0,13.6957
2,3,1,Fair Grove,51.0172,5,1,6,6,18.3333,8.3333,8.8333,15.5172
2,3,2,Springfield Catholic,49.1905,6,0,6,6,20.0,3.3333,10.5,15.3571
2,3,3,Ava,39.8333,4,2,6,6,16.6667,6.6667,0.8333,15.6667
2,3,4,Liberty (Mountain View),38.0,4,2,6,6,16.6667,3.3333,2.3333,15.6667
2,3,5,Forsyth,32.3333,2,4,6,6,13.3333,3.3333,-1.0,16.6667
2,3,6,Willow Springs,28.5,2,4,6,6,13.3333,3.3333,-3.5,15.3333
2,3,7,Houston,26.6667,2,4,6,6,13.3333,1.6667,-3.3333,15.0
2,4,1,Lamar,54.5,6,0,6,6,20.0,8.3333,11.1667,15.0
2,4,2,Clever,45.0,5,1,6,6,18.3333,3.3333,8.3333,15.0
2,4,3,Warsaw,37.1667,3,3,6,6,15.0,5.0,3.1667,14.0
2,4,4,Sarcoxie,31.5952,3,3,6,6,15.0,1.6667,1.0,13.9286
2,4,5,East Newton,28.1667,1,5,6,6,11.6667,8.3333,-8.8333,17.0
2,4,6,Stockton with Sheldon,24.5287,2,4,6,6,13.3333,0.0,-4.6667,15.8621
2,4,7,El Dorado Springs,24.0952,2,4,6,6,13.3333,1.6667,-4.8333,13.9286
2,5,1,Blair Oaks,53.5517,5,1,6,6,18.3333,10.0,8.6667,16.5517
2,5,2,Father Tolton,45.1667,3,3,6,6,15.0,10.0,3.8333,16.3333
2,5,3,North Callaway,40.3333,4,2,6,6,16.6667,1.6667,5.3333,16.6667
2,5,4,Versailles,34.6667,4,2,6,6,16.6667,1.6667,1.1667,15.1667
2,5,5,Cole Camp,32.1667,3,3,6,6,15.0,1.6667,0.8333,14.6667
2,5,6,California,30.6667,1,5,6,6,11.6667,10.0,-8.6667,17.6667
2,5,7,South Callaway,30.0747,2,4,6,6,13.3333,0.0,-0.5,17.2414
2,6,1,KIPP KC Legacy,44.7857,3,3,6,6,15.0,16.6667,-1.1667,14.2857
2,6,2,Hogan Prep Academy Charter,42.2,2,3,5,5,14.0,14.0,-0.6,14.8
2,6,3,Butler,39.8333,4,2,6,6,16.6667,3.3333,4.8333,15.0
2,6,4,Lafayette County,30.0,2,4,6,6,13.3333,3.3333,-2.3333,15.6667
2,6,5,Holden,26.3333,2,4,6,6,13.3333,3.3333,-5.1667,14.8333
2,6,6,Lone Jack with Kingsville,20.3333,1,5,6,6,11.6667,3.3333,-7.8333,13.1667
2,6,7,Lexington,14.8333,0,6,6,6,10.8333,3.3333,-11.6667,12.3333
2,7,1,Centralia,55.0,6,0,6,6,20.0,6.6667,13.0,15.3333
2,7,2,Palmyra,40.6667,4,2,6,6,16.6667,3.3333,5.6667,15.0
2,7,3,Bowling Green,37.3333,4,2,6,6,16.6667,1.6667,4.3333,14.6667
2,7,4,Monroe City,33.0,3,3,6,6,15.0,3.3333,0.0,14.6667
2,7,5,Mark Twain,21.3333,1,5,6,6,11.6667,3.3333,-6.3333,12.6667
2,7,6,Clark County,20.6667,1,5,6,6,11.6667,1.6667,-7.6667,15.0
2,7,7,Highland,12.5172,0,6,6,6,10.0,0.0,-13.0,15.5172
2,8,1,Mid-Buchanan,49.6667,6,0,6,6,20.0,0.0,13.0,16.6667
2,8,2,Lathrop,48.3333,5,1,6,6,18.3333,6.6667,8.0,15.3333
2,8,3,Brookfield,46.6667,6,0,6,6,20.0,0.0,13.0,13.6667
2,8,4,West Platte,41.1667,5,1,6,6,18.3333,0.0,7.5,15.3333
2,8,5,Lawson,29.8333,3,3,6,6,15.0,1.6667,-2.6667,15.8333
2,8,6,Trenton,24.4713,2,4,6,6,13.3333,0.0,-3.0,14.1379
3,1,1,Kennett,42.3333,5,1,6,6,18.3333,1.6667,7.1667,15.1667
3,1,2,Ste. Genevieve,41.0,5,1,6,6,18.3333,0.0,7.8333,14.8333
3,1,3,Dexter,34.8333,3,3,6,6,15.8333,1.6667,2.6667,14.6667
3,1,4,Perryville,32.6667,3,3,6,6,15.0,3.3333,0.0,14.3333
3,1,5,Fredericktown,25.8333,2,4,6,6,13.3333,1.6667,-5.1667,16.0
3,1,6,Doniphan,19.6092,1,5,6,6,11.6667,0.0,-5.3333,13.2759
3,1,7,Scott City with Chaffee,19.0,1,5,6,6,11.6667,0.0,-8.0,15.3333
3,2,1,St. Pius X (Festus),46.1935,5,1,6,6,18.3333,5.0,8.6667,14.1935
3,2,2,St. Clair,43.5,5,1,6,6,18.3333,3.3333,7.8333,14.0
3,2,3,Herculaneum,31.3333,3,3,6,6,15.0,1.6667,0.0,14.6667
3,2,4,Central (Park Hills),28.0,2,4,6,6,13.3333,1.6667,-4.3333,17.3333
3,2,5,Potosi,26.8333,2,4,6,6,13.3333,0.0,-2.8333,16.3333
3,2,6,Lutheran South,18.0,1,5,6,6,11.6667,1.6667,-8.6667,13.3333
3,3,1,MICDS,47.5714,5,1,6,6,18.3333,5.0,8.1667,16.0714
3,3,2,Lutheran North,39.6,2,3,5,5,14.0,12.0,-1.4,15.0
3,3,3,Normandy Collaborative,35.8276,2,4,6,6,13.3333,11.6667,-4.0,14.8276
3,3,4,Winfield,34.5,3,3,6,6,15.0,5.0,0.3333,14.1667
3,3,5,John Burroughs,27.25,1,3,4,4,12.5,5.0,-4.75,14.5
3,3,6,Priory,26.3333,2,4,6,6,13.3333,1.6667,-4.3333,15.6667
3,3,7,Lutheran St. Charles,21.6667,0,6,6,6,10.0,10.0,-13.0,14.6667
3,4,1,Southern Boone,44.6667,5,1,6,6,18.3333,3.3333,8.6667,14.3333
3,4,2,St. Francis Borgia,42.6667,4,2,6,6,16.6667,10.0,2.0,14.0
3,4,3,Hallsville,42.0,5,1,6,6,18.3333,0.0,8.6667,15.0
3,4,4,Wright City,27.5,2,4,6,6,13.3333,3.3333,-4.6667,15.5
3,4,5,Fulton,24.6667,1,5,6,6,11.6667,5.0,-7.6667,15.6667
3,4,6,Owensville,18.5,0,6,6,6,10.0,5.0,-11.5,15.0
3,4,7,Eldon,16.8333,1,5,6,6,11.6667,1.6667,-10.1667,13.6667
3,5,1,Mountain Grove,41.0,4,2,6,6,16.6667,3.3333,4.6667,16.3333
3,5,2,Strafford,34.3333,4,2,6,6,16.6667,1.6667,3.3333,12.6667
3,5,3,Buffalo,31.3391,3,3,6,6,15.0,0.0,1.1667,15.1724
3,5,4,Cuba with Steelville,28.1667,3,3,6,6,15.0,0.0,1.1667,12.0
3,5,5,St. James,27.6667,2,4,6,6,13.3333,1.6667,-2.0,14.6667
3,5,6,Salem,18.0,1,5,6,6,11.6667,0.0,-6.6667,13.0
3,5,7,"Pleasant Hope with Halfway, Marion C. Early",14.0,0,6,6,6,10.0,1.6667,-11.3333,13.6667
3,6,1,Cassville,44.6667,5,1,6,6,18.3333,3.3333,8.0,15.0
3,6,2,Seneca,41.8333,4,2,6,6,16.6667,1.6667,6.8333,16.6667
3,6,3,Nevada,35.8333,4,2,6,6,16.6667,5.0,0.1667,14.0
3,6,4,Mt. Vernon,33.0,3,3,6,6,15.0,3.3333,1.0,13.6667
3,6,5,Reeds Spring,20.6667,1,5,6,6,11.6667,5.0,-10.6667,14.6667
3,6,6,Aurora,17.1667,0,6,6,6,9.1667,5.0,-13.0,16.0
3,6,7,Hollister,12.8621,0,6,6,6,10.0,0.0,-13.0,15.8621
3,7,1,Pembroke Hill,47.7701,6,0,6,6,20.0,1.6667,13.0,13.1034
3,7,2,Center,40.3333,4,2,6,6,16.6667,5.0,4.6667,14.0
3,7,3,Summit Christian Academy,40.1667,5,1,6,6,18.3333,1.6667,4.8333,15.3333
3,7,4,Boonville,33.3333,3,3,6,6,15.0,3.3333,0.0,15.0
3,7,5,Oak Grove,31.6667,2,4,6,6,13.3333,6.6667,-3.6667,15.3333
3,7,6,Clinton,30.3333,2,4,6,6,13.3333,5.0,-2.3333,14.3333
3,7,7,St. Michael the Archangel,29.0,2,4,6,6,13.3333,1.6667,-3.3333,17.3333
3,8,1,St. Pius X (Kansas City),55.5952,5,1,6,6,18.3333,13.3333,7.5,16.4286
3,8,2,Maryville,53.1667,6,0,6,6,20.0,5.0,13.0,15.1667
3,8,3,Richmond,40.3333,4,2,6,6,16.6667,3.3333,4.3333,16.0
3,8,4,Macon,37.3333,4,2,6,6,16.6667,0.0,3.3333,17.3333
3,8,5,Chillicothe,35.3333,4,2,6,6,16.6667,3.3333,0.5,14.8333
3,8,6,Cameron,17.8333,0,6,6,6,10.0,3.3333,-11.8333,16.3333
4,1,1,Hillsboro,43.6667,5,1,6,6,18.3333,1.6667,8.6667,15.0
4,1,2,Festus,43.3333,4,2,6,6,16.6667,3.3333,7.6667,15.6667
4,1,3,Sikeston,42.3333,4,2,6,6,16.6667,6.6667,2.8333,16.1667
4,1,4,DeSoto,31.0,3,3,6,6,15.0,0.0,1.0,15.0
4,1,5,North County,26.6667,2,4,6,6,13.3333,1.6667,-4.3333,16.0
4,1,6,Windsor (Imperial),24.5172,2,4,6,6,13.3333,0.0,-4.3333,15.5172
4,2,1,Union,44.3333,5,1,6,6,18.3333,5.0,7.8333,13.1667
4,2,2,Sullivan,39.0,4,2,6,6,16.6667,3.3333,4.3333,14.6667
4,2,3,Vianney,37.6667,2,4,6,6,13.3333,13.3333,-4.5,15.5
4,2,4,Westminster Christian Academy,36.3148,4,2,6,6,16.6667,0.0,4.8333,14.8148
4,2,5,Affton,31.6092,3,3,6,6,15.0,3.3333,0.0,13.2759
4,2,6,Bayless with Hancock,22.8763,2,4,6,6,13.3333,0.0,-4.1667,13.7097
4,2,7,Pacific,19.6667,1,5,6,6,11.6667,0.0,-7.6667,15.6667
4,3,1,University City,50.9713,6,0,6,6,20.0,5.0,11.8333,14.1379
4,3,2,Lift for Life Academy Charter,37.6505,2,4,6,6,13.3333,11.6667,-2.8333,15.4839
4,3,3,Gateway with Soldan International Studies,35.8,3,2,5,5,16.0,4.0,2.6,13.2
4,3,4,Riverview Gardens,31.3046,3,3,6,6,14.1667,5.0,-2.0,14.1379
4,3,5,Jennings,26.7857,2,4,6,6,12.5,5.0,-5.0,14.2857
4,3,6,Clayton with Brentwood,15.1667,0,6,6,6,9.1667,3.3333,-13.0,15.6667
4,4,1,St. Charles West,50.5,6,0,6,6,20.0,5.0,11.3333,14.1667
4,4,2,Parkway North,41.3333,3,3,6,6,15.0,10.0,1.6667,14.6667
4,4,3,Hannibal,40.1667,3,3,6,6,15.0,8.3333,-0.3333,17.1667
4,4,4,Orchard Farm,38.0,4,2,6,6,16.6667,3.3333,2.8333,15.1667
4,4,5,Warrenton,35.0,3,3,6,6,15.8333,3.3333,0.1667,15.6667
4,4,6,Holt,31.0,3,3,6,6,15.0,1.6667,-0.8333,15.1667
4,4,7,St. Charles,25.3333,2,4,6,6,13.3333,1.6667,-4.3333,14.6667
4,5,1,Warrensburg,42.8333,5,1,6,6,18.3333,1.6667,8.1667,14.6667
4,5,2,Moberly,41.8333,5,1,6,6,18.3333,1.6667,6.8333,15.0
4,5,3,Osage,29.6667,3,3,6,6,15.0,0.0,0.0,14.6667
4,5,4,Mexico,28.3333,3,3,6,6,15.0,0.0,-1.0,14.3333
4,5,5,Kirksville,25.8333,2,4,6,6,13.3333,0.0,-3.5,16.0
4,5,6,Marshall,18.1667,1,5,6,6,11.6667,0.0,-7.8333,14.3333
4,5,7,Knob Noster with Leeton,16.5,1,5,6,6,11.6667,0.0,-8.6667,13.5
4,6,1,Logan-Rogersville,48.8046,6,0,6,6,20.0,1.6667,13.0,14.1379
4,6,2,Bolivar,38.6954,4,2,6,6,16.6667,1.6667,4.5,15.8621
4,6,3,Carl Junction,32.3333,2,4,6,6,13.3333,3.3333,-1.6667,17.3333
4,6,4,Monett,29.5,3,3,6,6,15.0,0.0,-0.1667,14.6667
4,6,5,Marshfield,28.0,2,4,6,6,13.3333,3.3333,-2.0,13.3333
4,6,6,McDonald County,25.1667,2,4,6,6,13.3333,0.0,-3.8333,15.6667
4,6,7,Hillcrest,24.6,1,4,5,5,12.0,4.0,-7.8,16.4
4,7,1,Odessa,41.3333,5,1,6,6,18.3333,0.0,8.5,14.5
4,7,2,Raytown South,40.0,3,3,6,6,15.0,8.3333,2.6667,14.0
4,7,3,Central (Kansas City),36.092,4,2,6,6,16.6667,3.3333,3.3333,12.7586
4,7,4,Pleasant Hill,32.5,3,3,6,6,15.0,0.0,0.8333,16.6667
4,7,5,Harrisonville,25.7529,2,4,6,6,13.3333,0.0,-5.1667,17.5862
4,7,6,University Academy Charter with Ewing Marion Kauffman,21.0,1,5,6,6,11.6667,1.6667,-7.0,14.6667
4,7,7,East (Kansas City),15.1429,1,5,6,6,11.6667,0.0,-8.6667,12.1429
4,8,1,Kearney,57.0,6,0,6,6,20.0,8.3333,12.3333,16.3333
4,8,2,Savannah,47.5,6,0,6,6,20.0,0.0,13.0,14.5
4,8,3,Smithville,35.3333,3,3,6,6,15.0,3.3333,0.0,17.0
4,8,4,Van Horn,31.0,3,3,6,6,15.0,5.0,-2.3333,13.3333
4,8,5,Benton,28.3333,2,4,6,6,13.3333,3.3333,-4.3333,16.0
4,8,6,Excelsior Springs,21.0,1,5,6,6,11.6667,1.6667,-7.8333,15.5
4,8,7,Northeast (Kansas City),18.1111,0,6,6,6,10.0,3.3333,-9.6667,14.4444
5,1,1,Farmington,45.0,5,1,6,6,18.3333,1.6667,8.6667,16.3333
5,1,2,Fox,38.6667,3,3,6,6,15.8333,5.0,1.1667,16.6667
5,1,3,St. Mary's South Side,35.086,4,2,6,6,16.6667,1.6667,-0.6667,17.4194
5,1,4,Central (Cape Girardeau),34.5287,3,3,6,6,15.0,1.6667,2.0,15.8621
5,1,5,Poplar Bluff,20.5,1,5,6,6,11.6667,1.6667,-8.1667,15.3333
5,1,6,Mehlville,14.3563,0,6,6,6,10.0,1.6667,-13.0,15.6897
5,2,1,Eureka,48.7356,5,1,6,6,18.3333,5.0,8.3333,17.069
5,2,2,Parkway West,39.1667,5,1,6,6,18.3333,0.0,7.0,13.8333
5,2,3,Webster Groves,36.2,3,2,5,5,16.0,4.0,2.6,13.6
5,2,4,Rockwood Summit,34.3333,3,3,6,6,15.0,3.3333,0.3333,15.6667
5,2,5,Parkway South,33.5057,3,3,6,6,15.0,3.3333,0.0,15.1724
5,2,6,Washington,26.8333,1,5,6,6,13.3333,0.0,-2.0,15.5
5,2,7,Parkway Central,16.5,0,6,6,6,10.0,3.3333,-11.8333,15.0
5,3,1,Ladue Horton Watkins,50.8333,6,0,6,6,20.0,1.6667,13.0,16.1667
5,3,2,Chaminade College Prep,42.5,4,2,6,6,16.6667,5.0,5.5,15.3333
5,3,3,McCluer North,39.1667,4,2,6,6,16.6667,3.3333,4.1667,15.0
5,3,4,Cardinal Ritter,34.3333,2,4,6,6,13.3333,5.0,-1.3333,17.3333
5,3,5,McCluer,31.6609,3,3,6,6,15.0,1.6667,0.1667,14.8276
5,3,6,Hazelwood Central,23.3333,1,5,6,6,11.6667,5.0,-8.6667,15.3333
5,3,7,Hazelwood East,19.5287,0,6,6,6,10.0,5.0,-11.3333,15.8621
5,4,1,Timberland,41.6667,5,1,6,6,18.3333,5.0,5.6667,12.6667
5,4,2,Ft. Zumwalt North,36.1667,3,3,6,6,15.0,5.0,1.0,15.1667
5,4,3,St. Dominic,30.1667,3,3,6,6,15.0,3.3333,-3.3333,15.1667
5,4,4,Ft. Zumwalt East,25.3817,3,3,6,6,15.0,0.0,-3.1667,13.5484
5,4,5,North Point,21.3333,1,5,6,6,11.6667,1.6667,-7.0,15.0
5,4,6,Ft. Zumwalt South,20.3333,1,5,6,6,11.6667,1.6667,-7.3333,14.3333
5,5,1,Helias Catholic,52.0,6,0,6,6,20.0,3.3333,13.0,15.6667
5,5,2,West Plains,40.3506,5,1,6,6,18.3333,0.0,6.5,15.5172
5,5,3,Camdenton,37.9713,4,2,6,6,16.6667,3.3333,3.8333,14.1379
5,5,4,Rolla,31.5517,3,3,6,6,15.0,0.0,0.0,16.5517
5,5,5,Glendale,31.3333,3,3,6,6,15.0,1.6667,-0.3333,15.0
5,5,6,Lebanon,26.5,2,4,6,6,13.3333,3.3333,-5.8333,15.6667
5,5,7,Jefferson City,26.1667,2,4,6,6,13.3333,3.3333,-4.8333,14.3333
5,6,1,Republic,48.8333,5,1,6,6,18.3333,6.6667,8.5,15.3333
5,6,2,Carthage,47.6667,5,1,6,6,18.3333,5.0,8.6667,15.6667
5,6,3,Neosho,44.5,5,1,6,6,18.3333,3.3333,8.8333,14.0
5,6,4,Webb City,43.5,5,1,6,6,18.3333,5.0,5.1667,15.0
5,6,5,Branson,40.6494,5,1,6,6,18.3333,0.0,7.8333,14.4828
5,6,6,Willard,21.6667,1,5,6,6,11.6667,5.0,-8.6667,13.6667
5,6,7,Parkview,13.0741,0,6,6,6,10.0,0.0,-11.0,14.0741
5,7,1,Grain Valley,36.6667,4,2,6,6,16.6667,0.0,3.6667,16.3333
5,7,2,Belton,28.3333,3,3,6,6,15.0,0.0,-2.0,15.3333
5,7,3,Grandview,28.3333,3,3,6,6,15.0,1.6667,0.0,11.6667
5,7,4,Smith-Cotton,27.5,2,4,6,6,13.3333,3.3333,-4.5,15.3333
5,7,5,Capital City,26.5172,1,5,6,6,11.6667,5.0,-5.6667,15.5172
5,7,6,Ruskin,17.8333,1,5,6,6,11.6667,0.0,-7.5,13.6667
5,7,7,Battle,13.6667,0,6,6,6,10.0,1.6667,-13.0,15.0
5,8,1,Platte County,41.1667,4,2,6,6,16.6667,1.6667,7.1667,15.6667
5,8,2,Fort Osage,36.1667,3,3,6,6,15.0,3.3333,3.1667,14.6667
5,8,3,Raytown,33.0,4,2,6,6,16.6667,0.0,1.6667,14.6667
5,8,4,William Chrisman,28.5,3,3,6,6,15.0,0.0,-0.1667,13.6667
5,8,5,Winnetonka,25.5,2,4,6,6,13.3333,0.0,-3.8333,16.0
5,8,6,Lincoln College Prep,25.092,2,4,6,6,13.3333,0.0,-1.0,12.7586
5,8,7,Truman,10.6667,0,6,6,6,10.0,0.0,-13.0,13.6667
6,1,1,Jackson,48.625,6,0,6,6,20.0,0.0,13.0,15.625
6,1,2,Northwest (Cedar Hill),44.3333,5,1,6,6,18.3333,0.0,9.8333,16.1667
6,1,3,Oakville,42.5517,5,1,6,6,18.3333,0.0,7.6667,16.5517
6,1,4,Seckman,40.3333,5,1,6,6,18.3333,0.0,6.5,15.5
6,1,5,Lindbergh,23.1954,2,4,6,6,13.3333,0.0,-6.0,15.8621
6,2,1,Kirkwood,41.4,4,1,5,5,18.0,0.0,8.2,15.2
6,2,2,De Smet Jesuit,40.8333,5,1,6,6,18.3333,0.0,7.0,15.5
6,2,3,Christian Brothers College,35.6667,3,3,6,6,15.8333,0.0,3.1667,16.6667
6,2,4,Marquette,30.3851,3,3,6,6,15.0,0.0,-1.1667,16.5517
6,2,5,Lafayette (Wildwood),26.5,2,4,6,6,13.3333,0.0,-1.8333,15.0
6,3,1,Pattonville,42.3333,5,1,6,6,18.3333,0.0,9.0,15.0
6,3,2,SLUH,35.8333,4,2,6,6,16.6667,0.0,3.6667,15.5
6,3,3,Ritenour,33.3276,4,2,6,6,16.6667,0.0,1.8333,14.8276
6,3,4,Hazelwood West,23.0,2,4,6,6,13.3333,0.0,-5.1667,14.8333
6,3,5,Francis Howell North,13.0345,0,6,6,6,10.0,0.0,-13.0,16.0345
6,4,1,Troy Buchanan,45.1559,5,1,6,6,19.1667,0.0,10.6667,15.3226
6,4,2,Francis Howell,38.3226,4,2,6,6,16.6667,0.0,6.3333,15.3226
6,4,3,Francis Howell Central,29.0,3,3,6,6,15.0,0.0,-0.5,14.5
6,4,4,Ft. Zumwalt West,26.1667,2,4,6,6,14.1667,0.0,-4.5,16.5
6,4,5,Liberty (Wentzville),19.1667,1,5,6,6,11.6667,0.0,-6.3333,13.8333
6,5,1,Nixa,43.5,5,1,6,6,18.3333,0.0,8.8333,16.3333
6,5,2,Ozark,26.3333,2,4,6,6,13.3333,0.0,-2.6667,15.6667
6,5,3,Joplin,25.6667,2,4,6,6,13.3333,0.0,-2.3333,14.6667
6,5,4,Kickapoo,19.5,1,5,6,6,11.6667,0.0,-7.1667,15.0
6,5,5,Waynesville,11.0,0,6,6,6,10.0,0.0,-13.0,14.0
6,6,1,Blue Springs,44.8333,5,1,6,6,19.1667,0.0,9.0,16.6667
6,6,2,Lee's Summit North,42.5,5,1,6,6,18.3333,0.0,8.1667,16.0
6,6,3,Hickman,39.1667,5,1,6,6,18.3333,0.0,6.6667,14.1667
6,6,4,Rock Bridge,36.1667,4,2,6,6,16.6667,0.0,4.5,15.0
6,6,5,Lee's Summit,35.5,4,2,6,6,16.6667,0.0,1.5,17.3333
6,6,6,Blue Springs South,32.0,3,3,6,6,15.0,0.0,0.5,16.5
6,7,1,Raymore-Peculiar,41.546,5,1,6,6,18.3333,0.0,6.8333,16.3793
6,7,2,North Kansas City,37.1667,4,2,6,6,16.6667,0.0,4.3333,16.1667
6,7,3,Rockhurst,29.641,2,4,6,6,13.3333,0.0,-1.0,17.3077
6,7,4,Lee's Summit West,26.0,2,4,6,6,13.3333,0.0,-4.5,17.1667
6,7,5,Park Hill South,19.0,1,5,6,6,11.6667,0.0,-6.6667,14.0
6,8,1,Liberty North,37.0,4,2,6,6,16.6667,0.0,4.8333,15.5
6,8,2,Oak Park,31.3333,3,3,6,6,15.0,0.0,0.6667,15.6667
6,8,3,Staley,29.0115,3,3,6,6,15.0,0.0,-1.3333,15.3448
6,8,4,Central (St. Joseph),25.5,3,3,6,6,15.0,0.0,-3.5,14.0
6,8,5,Park Hill,23.1667,2,4,6,6,13.3333,0.0,-3.8333,13.6667
6,8,6,Liberty,19.1667,1,5,6,6,11.6667,0.0,-7.1667,14.6667
