date,team1,score1,team2,score2,forfeit,overtime
,Willow Springs,22,Ash Grove,24,False,False
,Lamar,49,Aurora,13,False,False
,Grandview,41,Battle,6,False,False
,Van Horn,14,Benton,30,False,False
,Maryville,21,Blair Oaks,7,False,False
,Excelsior Springs,22,Boonville,54,False,False
,Diamond,14,Buffalo,55,False,False
,Adrian,27,Butler,26,False,False
,Miller,66,Cabool,0,False,False
,Lutheran North,18,Cardinal Ritter,30,False,False
,Fayette,0,Carrollton,42,False,False
,Monett,18,Cassville,47,False,False
,Liberty (Wentzville),3,Central (Cape Girardeau),17,False,False
,Lathrop,16,Central (Kansas City),0,False,False
,Sikeston,32,Central (Park Hills),7,False,False
,Staley,31,Central (St. Joseph),12,False,False
,Palmyra,13,Chillicothe,18,False,False
,Bowling Green,47,Clark County,12,False,False
,St. Charles West,62,Clayton with Brentwood,16,False,False
,Lift for Life Academy Charter,0,De Smet Jesuit,20,False,False
,St. Vincent,14,DeSoto,7,False,False
,Marshall,43,East (Kansas City),0,False,False
,Marceline,13,Father Tolton,42,False,False
,Rockwood Summit,38,Festus,34,False,False
,Ava,14,Forsyth,12,False,False
,Mehlville,23,Fox,49,False,False
,Northwest (Cedar Hill),26,Francis Howell Central,13,False,False
,Pattonville,33,Ft. Zumwalt North,13,False,False
,Orchard Farm,22,Ft. Zumwalt South,14,False,False
,Moberly,41,Fulton,0,False,False
,McCluer,8,Gateway with Soldan International Studies,30,False,False
,Webb City,42,Glendale,6,False,False
,Ruskin,13,Grain Valley,57,False,False
,Macon,14,Hallsville,28,False,False
,Helias Catholic,45,Hannibal,29,False,False
,South Shelby,22,Harrisburg,12,False,False
,Hazelwood East,13,Hazelwood West,21,False,False
,Affton,0,Herculaneum,42,False,False
,Ft. Zumwalt West,14,Hickman,54,False,False
,Mark Twain,28,Highland,12,False,False
,Kennett,6,Hillsboro,48,False,False
,Tipton with Bunceton,60,Holden,14,False,False
,Windsor (Imperial),34,Jefferson (Festus),20,False,False
,John Burroughs,14,Jennings,20,False,False
,Belton,0,Kearney,42,False,False
,Charleston,28,Kelly,21,False,False
,Joplin,14,Kickapoo,10,False,False
,"Pleasant Hope with Halfway, Marion C. Early",32,KIPP KC Legacy,38,False,False
,Southern Boone,21,Kirksville,3,False,False
,Clinton,48,Knob Noster with Leeton,7,False,False
,MICDS,24,Ladue Horton Watkins,38,False,False
,Timberland,21,Lafayette (Wildwood),28,False,False
,Warsaw,21,Lawson,23,False,False
,Republic,35,Lebanon,0,False,False
,Blue Springs South,17,Lee's Summit,20,False,False
,Park Hill South,7,Lee's Summit North,27,False,False
,Lone Jack with Kingsville,27,Lexington,6,False,False
,Raymore-Peculiar,35,Liberty,3,False,False
,Scott City with Chaffee,15,Liberty (Mountain View),50,False,False
,University Academy Charter with Ewing Marion Kauffman,7,Lincoln College Prep,10,False,False
,Vianney,35,Lindbergh,23,False,False
,Cuba with Steelville,46,Linn,26,False,False
,California,14,Logan-Rogersville,46,False,False
,Grandview (Hillsboro),6,Louisiana,42,False,False
,Duchesne,7,Lutheran South,42,False,False
,University City,67,Lutheran St. Charles,0,False,False
,Priory,38,Malden,24,False,False
,Clever,13,Marionville,8,False,False
,Chaminade College Prep,41,Marquette,21,False,False
,McDonald County,26,Marshfield,22,False,False
,Centralia,28,Mexico,7,False,False
,West Plains,43,Miller Career Academy with Sumner,6,False,False
,Brookfield,20,Monroe City,6,False,False
,Hermann,6,Montgomery County,36,False,False
,Fair Grove,25,Mountain Grove,13,False,False
,Nevada,24,Mt. Vernon,20,False,False
,Carthage,13,Nixa,42,False,False
,Confluence Prep Academy Charter,0,Normandy Collaborative,49,False,False
,Farmington,48,North County,3,False,False
,Blue Springs,38,North Kansas City,12,False,False
,Gallatin with Tri-County,20,North Platte,14,False,False
,Hogan Prep Academy Charter,48,Northeast (Kansas City),8,False,False
,Fort Osage,34,Oak Park,44,False,False
,Cameron,12,Odessa,58,False,False
,Bolivar,41,Osage,6,False,False
,Eldon,27,Owensville,23,False,False
,Neosho,49,Ozark,23,False,False
,St. Francis Borgia,41,Pacific,14,False,False
,Liberty North,31,Park Hill,17,False,False
,Reeds Spring,7,Parkview,6,False,False
,Parkway South,49,Parkway Central,28,False,False
,Parkway North,21,Parkway West,24,False,False
,Lafayette County,14,Penney,15,False,False
,Fredericktown,0,Perryville,16,False,False
,Houston,19,Pierce City,41,False,False
,Winnetonka,7,Platte County,56,False,False
,Windsor,12,Plattsburg,28,False,False
,Savannah,38,Pleasant Hill,0,False,False
,Jefferson City,32,Poplar Bluff,22,False,False
,East Prairie,0,Portageville,48,False,False
,St. Clair,0,Potosi,12,False,False
,Truman,0,Raytown,71,False,False
,Oak Grove,10,Richmond,30,False,False
,Kirkwood,66,Ritenour,22,False,False
,Principia,28,Riverview Gardens,66,False,False
,Lee's Summit West,27,Rock Bridge,21,False,False
,St. Pius X (Kansas City),23,Rockhurst,17,False,False
,Cole Camp,7,Russellville,42,False,False
,Milan,2,Salisbury,46,False,False
,Central (New Madrid County),6,Saxony Lutheran,18,False,False
,Putnam County,8,Scotland County,14,False,False
,Oakville,14,Seckman,33,False,False
,East Newton,6,Seneca,42,False,False
,Crest Ridge with Chilhowee,6,Sherwood,19,False,False
,Versailles,0,Skyline,37,False,False
,Hazelwood Central,2,SLUH,43,False,False
,Harrisonville,14,Smithville,35,False,False
,North Callaway,42,South Callaway,16,False,False
,Mid-Buchanan,48,South Harrison,6,False,False
,McCluer North,43,St. Charles,6,False,False
,North Point,28,St. Dominic,31,False,False
,Salem,8,St. James,23,False,False
,Center,35,St. Michael the Archangel,16,False,False
,Dexter,7,Ste. Genevieve,32,False,False
,El Dorado Springs,2,Stockton with Sheldon,38,False,False
,Carl Junction,40,Strafford,3,False,False
,Rolla,20,Sullivan,50,False,False
,East Buchanan,41,Trenton,15,False,False
,Eureka,49,Troy Buchanan,48,False,False
,Washington,21,Union,28,False,False
,Hayti,14,Valle Catholic,55,False,False
,Westran,32,Van-Far,14,False,False
,Smith-Cotton,21,Warrensburg,32,False,False
,Wright City,7,Warrenton,34,False,False
,Willard,34,Waynesville,21,False,False
,Francis Howell North,8,Webster Groves,22,False,False
,Maysville,6,West Platte,35,False,False
,Holt,21,Westminster Christian Academy,37,False,False
,Raytown South,20,William Chrisman,21,False,False
,Crystal City,12,Winfield,49,False,False
2026-01-01,Strafford,23,Adrian,7,False,False
2026-01-01,Crystal City,14,Affton,32,False,False
,Cassville,44,Aurora,0,False,False
2026-01-01,Logan-Rogersville,55,Ava,0,False,False
2026-01-01,Capital City,38,Battle,0,False,False
2026-01-01,Central (St. Joseph),47,Benton,8,False,False
2026-01-01,Raymore-Peculiar,35,Blue Springs,32,False,False
2026-01-01,Platte County,24,Blue Springs South,27,False,False
2026-01-01,Palmyra,56,Bowling Green,20,False,False
,Lafayette County,36,Brookfield,52,False,False
,Lawson,34,Cameron,28,False,False
2026-01-01,De Smet Jesuit,49,Cardinal Ritter,48,False,False
2026-01-01,Nevada,32,Carl Junction,28,False,False
2026-01-01,Lebanon,12,Carthage,49,False,False
2026-01-01,Central (New Madrid County),24,Caruthersville,68,False,False
,Van Horn,10,Center,33,False,False
2026-01-01,Jefferson (Festus),7,Central (Park Hills),27,False,False
2026-01-01,Hallsville,21,Centralia,52,False,False
,Poplar Bluff,14,Chaminade College Prep,50,False,False
2026-01-01,SLUH,17,Christian Brothers College,27,False,False
2026-01-01,Stockton with Sheldon,7,Clever,28,False,False
2026-01-01,Odessa,54,Clinton,7,False,False
,Carrollton,48,Cole Camp,8,False,False
,West Platte,52,Crest Ridge with Chilhowee,24,False,False
2026-01-01,Perryville,32,DeSoto,54,False,False
,Sikeston,20,Dexter,14,False,False
2026-01-01,Cabool,26,Doniphan,21,False,False
,KIPP KC Legacy,40,East (Kansas City),10,False,False
,South Harrison,16,East Buchanan,33,False,False
2026-01-01,McDonald County,27,East Newton,28,False,False
2026-01-01,Malden,34,East Prairie,0,False,False
,Ash Grove,38,El Dorado Springs,20,False,False
2026-01-01,Versailles,28,Eldon,0,False,False
2026-01-01,Hannibal,29,Eureka,28,False,False
,Hillcrest,20,Fair Grove,52,False,False
2026-01-01,Sullivan,0,Farmington,55,False,False
2026-01-01,St. Clair,40,Father Tolton,26,False,False
2026-01-01,Trenton,7,Fayette,12,False,False
2026-01-01,Herculaneum,7,Fredericktown,30,False,False
2026-01-01,Lutheran St. Charles,6,Ft. Zumwalt East,49,False,False
2026-01-01,Francis Howell,48,Ft. Zumwalt North,20,False,False
2026-01-01,Union,23,Ft. Zumwalt West,30,False,False
2026-01-01,Penney,20,Gallatin with Tri-County,7,False,False
2026-01-01,Bayless with Hancock,16,Grandview (Hillsboro),0,False,False
2026-01-01,Clark County,37,Harrisburg,0,False,False
,Bolivar,33,Harrisonville,25,False,False
2026-01-01,Francis Howell Central,20,Hazelwood Central,7,False,False
,Hillsboro,28,Hazelwood East,0,False,False
2026-01-01,South Callaway,47,Hermann,0,False,False
2026-01-01,Helias Catholic,31,Hickman,13,False,False
,Sarcoxie,43,Hollister,0,False,False
2026-01-01,Ft. Zumwalt South,26,Holt,56,False,False
,Springfield Catholic,36,Houston,29,False,False
2026-01-01,Camdenton,61,Jefferson City,34,False,False
2026-01-01,Ritenour,35,Jennings,0,False,False
2026-01-01,Nixa,30,Joplin,27,False,False
2026-01-01,Grain Valley,2,Kearney,49,False,False
,Chillicothe,24,Kirksville,21,False,False
2026-01-01,Seneca,12,Lamar,20,False,False
,Northeast (Kansas City),0,Lathrop,67,False,False
,Park Hill,21,Lee's Summit West,31,False,False
,Plattsburg,26,Lexington,14,False,False
,Lafayette (Wildwood),27,Liberty (Wentzville),20,False,False
,Liberty,31,Liberty North,54,False,False
2026-01-01,University Academy Charter with Ewing Marion Kauffman,50,Lone Jack with Kingsville,14,False,False
2026-01-01,Blair Oaks,49,Lutheran North,35,False,False
,Salisbury,26,Marceline,13,False,False
2026-01-01,Forsyth,26,Marionville,30,False,False
2026-01-01,Monroe City,48,Mark Twain,0,False,False
2026-01-01,St. Dominic,7,Marquette,24,False,False
2026-01-01,Boonville,62,Marshall,20,False,False
,Pleasant Hill,20,Maryville,41,False,False
2026-01-01,North Platte,45,Maysville,26,False,False
,McCluer,0,McCluer North,12,False,False
2026-01-01,St. Pius X (Festus),61,Mehlville,8,False,False
2026-01-01,Fulton,19,Mexico,26,False,False
,Putnam County,14,Mid-Buchanan,56,False,False
2026-01-01,Liberty (Mountain View),14,Miller,6,False,False
,Gateway with Soldan International Studies,38,Miller Career Academy with Sumner,14,False,False
,Osage,21,Moberly,55,False,False
2026-01-01,Mt. Vernon,27,Monett,32,False,False
2026-01-01,California,33,Montgomery County,6,False,False
,Glendale,21,Neosho,42,False,False
2026-01-01,Macon,35,North Callaway,28,False,False
2026-01-01,Fox,7,Northwest (Cedar Hill),27,False,False
2026-01-01,Knob Noster with Leeton,0,Oak Grove,51,False,False
2026-01-01,North Kansas City,42,Oak Park,21,False,False
2026-01-01,Lindbergh,7,Oakville,14,False,False
,Pacific,20,Orchard Farm,42,False,False
2026-01-01,Grandview,20,Park Hill South,61,False,False
2026-01-01,Parkway Central,6,Parkway North,42,False,False
2026-01-01,Parkway West,42,Parkway South,10,False,False
2026-01-01,Hazelwood West,0,Pattonville,43,False,False
,Holden,0,Pembroke Hill,50,False,False
2026-01-01,Central (Kansas City),18,"Pleasant Hope with Halfway, Marion C. Early",8,False,False
2026-01-01,Saxony Lutheran,40,Portageville,54,False,False
2026-01-01,Charleston,28,Potosi,60,False,False
2026-01-01,Kennett,54,Priory,15,False,False
,Belton,9,Raytown,32,False,False
2026-01-01,Lincoln College Prep,7,Raytown South,26,False,False
2026-01-01,Marshfield,50,Reeds Spring,6,False,False
,Kickapoo,10,Republic,54,False,False
2026-01-01,MICDS,62,Richmond,38,False,False
2026-01-01,Normandy Collaborative,12,Riverview Gardens,20,False,False
2026-01-01,Valle Catholic,42,Rockwood Summit,7,False,False
2026-01-01,Branson,49,Rolla,20,False,False
2026-01-01,Winnetonka,48,Ruskin,32,False,False
,Van-Far,6,Russellville,47,False,False
2026-01-01,Linn,0,Salem,35,False,False
2026-01-01,Smithville,14,Savannah,42,False,False
,Highland,14,Scotland County,57,False,False
2026-01-01,Kelly,37,Scott City with Chaffee,15,False,False
,North Point,35,Seckman,71,False,False
2026-01-01,Rock Bridge,31,Smith-Cotton,21,False,False
2026-01-01,Westran,14,South Shelby,37,False,False
,North County,13,Southern Boone,41,False,False
2026-01-01,Clayton with Brentwood,20,St. Charles,48,False,False
2026-01-01,Central (Cape Girardeau),17,St. Charles West,20,False,False
,Owensville,0,St. Francis Borgia,49,False,False
2026-01-01,Cuba with Steelville,24,St. James,30,False,False
2026-01-01,Festus,12,St. Mary's South Side,14,False,False
,St. Pius X (Kansas City),45,St. Michael the Archangel,0,False,False
2026-01-01,Ste. Genevieve,0,St. Vincent,34,False,False
,Fort Osage,22,Staley,27,False,False
,Butler,18,Summit Christian Academy,41,False,False
2026-01-01,Francis Howell North,0,Timberland,59,False,False
2026-01-01,Pierce City,14,Tipton with Bunceton,28,False,False
,William Chrisman,53,Truman,7,False,False
2026-01-01,Duchesne,7,Veritas Christian Academy,0,False,False
2026-01-01,Ladue Horton Watkins,50,Vianney,27,False,False
,Excelsior Springs,14,Warrensburg,34,False,False
,Buffalo,54,Warsaw,38,False,False
,Warrenton,16,Washington,14,False,False
,Waynesville,19,Webb City,62,False,False
,Mountain Grove,14,West Plains,26,False,False
2026-01-01,Ozark,48,Willard,12,False,False
,Skyline,44,Willow Springs,13,False,False
2026-01-01,Sherwood,0,Windsor,14,False,False
2026-01-01,Lutheran South,46,Windsor (Imperial),64,False,False
2026-01-01,Louisiana,33,Winfield,22,False,False
,Westminster Christian Academy,34,Wright City,7,False,False
2026-01-02,Webster Groves,41,Affton,6,False,False
2026-01-02,Stockton with Sheldon,9,Ash Grove,29,False,False
2026-01-02,Mountain Grove,32,Ava,10,False,False
2026-01-02,Raytown South,24,Belton,26,False,False
2026-02-01,Blue Springs,38,Blue Springs South,17,False,False
2026-02-01,West Plains,27,Bolivar,20,False,False
2026-01-02,Eldon,0,Boonville,50,False,False
2026-02-01,Wright City,18,Bowling Green,54,False,False
2026-01-02,Crest Ridge with Chilhowee,21,Butler,45,False,False
2026-01-02,Willow Springs,42,Cabool,0,False,False
2026-02-01,Hallsville,55,California,26,False,False
,Smith-Cotton,18,Camdenton,55,False,False
2026-01-02,Excelsior Springs,21,Cameron,34,False,False
2026-02-01,Hickman,15,Capital City,14,False,False
2026-01-02,Seneca,25,Cassville,28,False,False
2026-02-01,Ruskin,17,Central (Kansas City),40,False,False
,Highland,20,Centralia,64,False,False
2026-02-01,SLUH,13,Chaminade College Prep,7,False,False
2026-02-01,Parkway South,54,Clayton with Brentwood,6,False,False
,Forsyth,13,Clever,35,False,False
2026-01-02,Center,35,Clinton,12,False,False
2026-02-01,Bayless with Hancock,41,Crystal City,8,False,False
2026-02-01,Grandview (Hillsboro),6,Cuba with Steelville,42,False,False
2026-02-01,Christian Brothers College,59,De Smet Jesuit,48,False,False
2026-02-01,St. Charles,34,Duchesne,12,False,False
2026-02-01,Mid-Buchanan,48,East Buchanan,20,False,False
2026-01-02,Doniphan,7,East Prairie,8,False,False
,Hollister,13,Fair Grove,64,False,False
2026-01-02,Central (Cape Girardeau),2,Farmington,42,False,False
2026-02-01,Grain Valley,20,Fort Osage,15,False,False
2026-01-02,Hazelwood West,20,Fox,49,False,False
2026-01-02,St. Pius X (Kansas City),42,Francis Howell,0,False,False
,St. Charles West,42,Francis Howell North,2,False,False
2026-02-01,Orchard Farm,28,Ft. Zumwalt East,33,False,False
2026-02-01,Francis Howell Central,17,Ft. Zumwalt South,7,False,False
2026-01-02,Ft. Zumwalt North,33,Ft. Zumwalt West,26,False,False
2026-01-02,Osage,30,Fulton,7,False,False
2026-01-02,Willard,14,Glendale,69,False,False
2026-02-01,Odessa,7,Harrisonville,10,False,False
2026-02-01,Rockwood Summit,63,Hazelwood Central,0,False,False
,Battle,0,Helias Catholic,52,False,False
2026-01-02,Jefferson (Festus),30,Herculaneum,14,False,False
2026-01-01,Parkview,12,Hillcrest,41,False,False
2026-01-02,Holt,33,Hillsboro,62,False,False
2026-01-02,Adrian,18,Holden,26,False,False
2026-02-01,Mehlville,21,Jennings,44,False,False
,Westminster Christian Academy,34,John Burroughs,0,False,False
2026-02-01,Central (New Madrid County),26,Kelly,58,False,False
2026-02-01,Dexter,31,Kennett,35,False,False
2026-02-01,Carthage,54,Kickapoo,6,False,False
2026-01-02,St. Michael the Archangel,51,KIPP KC Legacy,0,False,False
,Savannah,35,Kirksville,7,False,False
,Hazelwood East,15,Kirkwood,45,False,False
2026-02-01,Riverview Gardens,0,Ladue Horton Watkins,49,False,False
2026-02-01,Pattonville,26,Lafayette (Wildwood),21,False,False
,Pembroke Hill,43,Lafayette County,13,False,False
2026-02-01,Lawson,13,Lathrop,30,False,False
2026-01-02,Joplin,32,Lebanon,34,False,False
2026-01-02,Oak Park,0,Lee's Summit,6,False,False
2026-02-01,Lee's Summit North,34,Lee's Summit West,7,False,False
2026-02-01,Central (St. Joseph),35,Liberty,31,False,False
2026-01-02,Thayer,26,Liberty (Mountain View),28,False,False
2026-02-01,North Kansas City,28,Liberty North,14,False,False
,Seckman,21,Lindbergh,14,False,False
2026-02-01,Windsor,18,Linn,0,False,False
2026-01-02,Carl Junction,19,Logan-Rogersville,35,False,False
2026-01-02,Carrollton,32,Lone Jack with Kingsville,0,False,False
2026-02-01,Hayti,60,Malden,0,False,False
2026-02-01,Richmond,38,Marshall,0,False,False
2026-02-01,Branson,42,Marshfield,21,False,False
2026-02-01,Chillicothe,7,Maryville,35,False,False
,Brookfield,38,Maysville,12,False,False
2026-02-01,Oakville,42,McCluer,16,False,False
2026-01-02,Lamar,42,McDonald County,14,False,False
2026-01-02,Lutheran South,16,MICDS,64,False,False
2026-02-01,Diamond,0,Miller,38,False,False
2026-02-01,Ste. Genevieve,63,Miller Career Academy with Sumner,8,False,False
2026-02-01,Mexico,26,Monroe City,6,False,False
2026-01-02,Aurora,0,Mt. Vernon,26,False,False
2026-01-02,Monett,26,Nevada,32,False,False
2026-02-01,Republic,6,Nixa,49,False,False
2026-01-02,McCluer North,24,Normandy Collaborative,6,False,False
2026-01-02,Montgomery County,6,North Callaway,54,False,False
2026-01-02,DeSoto,22,North County,35,False,False
2026-01-02,Poplar Bluff,41,North Point,19,False,False
2026-01-02,Warrensburg,30,Oak Grove,22,False,False
,Russellville,36,Owensville,6,False,False
2026-01-02,Webb City,21,Ozark,18,False,False
2026-01-02,Clark County,19,Palmyra,72,False,False
2026-01-02,Park Hill South,20,Park Hill,38,False,False
,Parkway West,43,Parkway Central,0,False,False
2026-02-01,Eureka,40,Parkway North,14,False,False
2026-01-02,St. Vincent,42,Perryville,0,False,False
2026-02-01,Sarcoxie,6,Pierce City,46,False,False
2026-02-01,Penney,33,Plattsburg,35,False,False
2026-01-02,Benton,21,Pleasant Hill,47,False,False
2026-01-02,El Dorado Springs,50,"Pleasant Hope with Halfway, Marion C. Early",0,False,False
2026-01-02,Charleston,22,Portageville,64,False,False
2026-02-01,Fredericktown,20,Potosi,12,False,False
2026-01-02,Confluence Prep Academy Charter,6,Principia,66,False,False
2026-01-02,Gallatin with Tri-County,14,Putnam County,28,False,False
2026-02-01,Marquette,42,Ritenour,18,False,False
2026-01-02,Jefferson City,19,Rock Bridge,35,False,False
2026-01-02,Houston,35,Salem,22,False,False
2026-01-02,Fayette,8,Salisbury,51,False,False
2026-02-01,Caruthersville,34,Scott City with Chaffee,21,False,False
2026-02-01,Cole Camp,15,Sherwood,18,False,False
2026-02-01,Jackson,41,Sikeston,7,False,False
2026-01-02,Marionville,14,Skyline,40,False,False
2026-01-02,Kearney,49,Smithville,7,False,False
2026-02-01,Scotland County,13,South Callaway,49,False,False
2026-01-02,Milan,14,South Harrison,36,False,False
2026-02-01,Macon,42,South Shelby,0,False,False
2026-02-01,Blair Oaks,48,Southern Boone,21,False,False
2026-01-02,Reeds Spring,0,Springfield Catholic,42,False,False
2026-02-01,Pacific,28,St. Clair,35,False,False
2026-01-02,Priory,0,St. Pius X (Festus),88,False,False
2026-02-01,Buffalo,22,Strafford,29,False,False
2026-02-01,St. James,0,Sullivan,41,False,False
2026-02-01,Liberty (Wentzville),35,Timberland,41,False,False
2026-01-02,East Newton,12,Tipton with Bunceton,55,False,False
2026-01-02,Marceline,53,Trenton,27,False,False
2026-01-02,Hannibal,6,Troy Buchanan,35,False,False
2026-02-01,Hermann,0,Union,42,False,False
2026-02-01,Father Tolton,49,University Academy Charter with Ewing Marion Kauffman,26,False,False
2026-01-02,Central (Park Hills),7,Valle Catholic,56,False,False
2026-01-02,Truman,6,Van Horn,50,False,False
,Louisiana,43,Van-Far,6,False,False
2026-02-01,Lexington,12,Versailles,32,False,False
2026-02-01,Lutheran St. Charles,6,Vianney,78,False,False
2026-02-01,St. Dominic,31,Warrenton,14,False,False
2026-01-02,Knob Noster with Leeton,14,Warsaw,52,False,False
,St. Francis Borgia,27,Washington,21,False,False
,Neosho,42,Waynesville,12,False,False
2026-01-02,North Platte,6,West Platte,24,False,False
2026-02-01,Harrisburg,6,Westran,40,False,False
2026-02-01,Platte County,38,William Chrisman,0,False,False
2026-01-02,Festus,47,Windsor (Imperial),6,False,False
2026-01-02,Mark Twain,6,Winfield,14,False,False
2026-01-02,Raytown,27,Winnetonka,19,False,False
2026-01-02,Warsaw,,Adrian,,False,False
2026-02-01,Miller,,Ash Grove,,False,False
,Nevada,13,Aurora,0,False,False
2026-01-02,Liberty (Mountain View),,Ava,,False,False
2026-01-02,Perryville,,Bayless with Hancock,,False,False
2026-01-02,Winnetonka,,Belton,,False,False
2026-01-02,Osage,,Blair Oaks,,False,False
2026-02-01,Liberty North,,Blue Springs,,False,False
2026-01-01,Hillcrest,,Bolivar,,False,False
2026-02-01,West Plains,,Branson,,False,False
,Trenton,,Brookfield,,False,False
,Helias Catholic,,Camdenton,,False,False
2026-01-02,Marshfield,,Carl Junction,,False,False
2026-02-01,KIPP KC Legacy,,Carrollton,,False,False
2026-01-02,Glendale,,Carthage,,False,False
2026-02-01,Sikeston,,Central (Cape Girardeau),,False,False
2026-02-01,Hogan Prep Academy Charter,,Central (Kansas City),,False,False
2026-01-02,East Prairie,,Central (New Madrid County),,False,False
2026-01-02,Oak Park,,Central (St. Joseph),,False,False
2026-01-02,Scott City with Chaffee,,Charleston,,False,False
2026-01-02,Cameron,,Chillicothe,,False,False
2026-01-02,Monroe City,,Clark County,,False,False
,Fair Grove,,Clever,,False,False
2026-01-02,Holden,,Clinton,,False,False
,"Pleasant Hope with Halfway, Marion C. Early",,Cole Camp,,False,False
,Lexington,,Crest Ridge with Chilhowee,,False,False
,Confluence Prep Academy Charter,,Crystal City,,False,False
2026-02-01,Chaminade College Prep,,De Smet Jesuit,,False,False
2026-01-02,Doniphan,,Dexter,,False,False
2026-01-02,Fulton,,Eldon,,False,False
,Maryville,,Excelsior Springs,,False,False
2026-02-01,Westran,,Fayette,,False,False
2026-01-02,DeSoto,,Festus,,False,False
,Springfield Catholic,,Forsyth,,False,False
2026-02-01,William Chrisman,,Fort Osage,,False,False
2026-02-01,Troy Buchanan,,Francis Howell Central,,False,False
2026-02-01,Valle Catholic,,Fredericktown,,False,False
2026-02-01,Timberland,,Ft. Zumwalt North,,False,False
2026-01-02,Francis Howell,,Ft. Zumwalt West,,False,False
2026-01-02,Milan,,Gallatin with Tri-County,,False,False
2026-02-01,Raytown,,Grain Valley,,False,False
,Veritas Christian Academy,,Grandview (Hillsboro),,False,False
2026-02-01,Boonville,,Hallsville,,False,False
2026-01-02,Kirksville,,Hannibal,,False,False
,Salisbury,,Harrisburg,,False,False
2026-01-02,Center,,Harrisonville,,False,False
2026-02-01,Portageville,,Hayti,,False,False
2026-01-02,Ritenour,,Hazelwood East,,False,False
2026-01-02,Parkway Central,,Hazelwood West,,False,False
,Centralia,,Hermann,,False,False
2026-02-01,Battle,,Hickman,,False,False
2026-02-01,South Shelby,,Highland,,False,False
2026-01-02,North County,,Hillsboro,,False,False
2026-02-01,Buffalo,,Hollister,,False,False
2026-01-02,Cabool,,Houston,,False,False
2026-02-01,St. Mary's South Side,,Jackson,,False,False
2026-02-01,Cuba with Steelville,,Jefferson (Festus),,False,False
2026-01-02,Smith-Cotton,,Jefferson City,,False,False
2026-02-01,University City,,Jennings,,False,False
2026-01-02,Waynesville,,Joplin,,False,False
2026-02-01,Kelly,,Kennett,,False,False
2026-02-01,Marquette,,Kirkwood,,False,False
2026-01-02,Monett,,Knob Noster with Leeton,,False,False
2026-02-01,Fox,,Ladue Horton Watkins,,False,False
2026-02-01,Lindbergh,,Lafayette (Wildwood),,False,False
2026-01-02,Lone Jack with Kingsville,,Lafayette County,,False,False
2026-01-02,East Newton,,Lamar,,False,False
2026-02-01,East Buchanan,,Lawson,,False,False
2026-02-01,Lee's Summit,,Lee's Summit North,,False,False
,Francis Howell North,,Liberty (Wentzville),,False,False
,Wright City,,Louisiana,,False,False
2026-01-02,Lift for Life Academy Charter,,Lutheran St. Charles,,False,False
2026-02-01,Palmyra,,Macon,,False,False
2026-02-01,Caruthersville,,Malden,,False,False
2026-01-02,Maysville,,Marceline,,False,False
2026-01-02,Van-Far,,Mark Twain,,False,False
2026-02-01,Oakville,,McCluer North,,False,False
2026-01-02,Cassville,,McDonald County,,False,False
2026-02-01,Northwest (Cedar Hill),,Mehlville,,False,False
2026-01-02,Marshall,,Mexico,,False,False
,Plattsburg,,Mid-Buchanan,,False,False
,Linn,,Miller Career Academy with Sumner,,False,False
,Warrensburg,,Moberly,,False,False
2026-01-02,Willow Springs,,Mountain Grove,,False,False
2026-01-02,Lebanon,,Neosho,,False,False
2026-01-02,McCluer,,Normandy Collaborative,,False,False
2026-02-01,Bowling Green,,North Callaway,,False,False
2026-01-02,Park Hill,,North Kansas City,,False,False
2026-01-02,Lathrop,,North Platte,,False,False
2026-02-01,Ft. Zumwalt East,,North Point,,False,False
2026-02-01,Richmond,,Odessa,,False,False
2026-02-01,Winfield,,Orchard Farm,,False,False
2026-02-01,Sullivan,,Owensville,,False,False
2026-02-01,Union,,Pacific,,False,False
2026-01-02,Liberty,,Park Hill South,,False,False
,Logan-Rogersville,,Parkview,,False,False
2026-01-02,Hazelwood Central,,Parkway North,,False,False
2026-02-01,Webster Groves,,Parkway South,,False,False
2026-02-01,Riverview Gardens,,Parkway West,,False,False
,Seckman,,Pattonville,,False,False
2026-01-02,St. Michael the Archangel,,Pembroke Hill,,False,False
2026-02-01,West Platte,,Penney,,False,False
2026-02-01,Skyline,,Pierce City,,False,False
2026-01-02,Smithville,,Platte County,,False,False
2026-01-02,Oak Grove,,Pleasant Hill,,False,False
2026-01-02,Farmington,,Poplar Bluff,,False,False
2026-01-02,Lutheran South,,Priory,,False,False
2026-02-01,Lee's Summit West,,Raymore-Peculiar,,False,False
2026-02-01,Grandview,,Raytown South,,False,False
2026-02-01,Strafford,,Reeds Spring,,False,False
2026-01-02,Ozark,,Republic,,False,False
2026-01-02,Capital City,,Rock Bridge,,False,False
2026-02-01,Kearney,,Rockhurst,,False,False
2026-02-01,Eureka,,Rockwood Summit,,False,False
2026-02-01,Diamond,,Sarcoxie,,False,False
2026-02-01,Windsor (Imperial),,Saxony Lutheran,,False,False
2026-01-02,Duchesne,,Scotland County,,False,False
2026-01-02,Mt. Vernon,,Seneca,,False,False
2026-02-01,East (Kansas City),,Sherwood,,False,False
2026-01-02,Montgomery County,,South Callaway,,False,False
2026-01-02,Putnam County,,South Harrison,,False,False
2026-01-02,California,,Southern Boone,,False,False
2026-01-02,Holt,,St. Charles,,False,False
2026-02-01,SLUH,,St. Dominic,,False,False
,Rolla,,St. Francis Borgia,,False,False
2026-02-01,St. Clair,,St. James,,False,False
2026-01-02,Central (Park Hills),,St. Pius X (Festus),,False,False
2026-01-02,Herculaneum,,St. Vincent,,False,False
2026-01-02,Blue Springs South,,Staley,,False,False
2026-02-01,Potosi,,Ste. Genevieve,,False,False
2026-01-02,Marionville,,Stockton with Sheldon,,False,False
2026-02-01,Father Tolton,,Summit Christian Academy,,False,False
2026-01-02,Salem,,Thayer,,False,False
,Ruskin,,Truman,,False,False
2026-01-02,Benton,,University Academy Charter with Ewing Marion Kauffman,,False,False
2026-01-02,Lincoln College Prep,,Van Horn,,False,False
2026-02-01,Tipton with Bunceton,,Versailles,,False,False
2026-02-01,Christian Brothers College,,Vianney,,False,False
2026-02-01,St. Charles West,,Warrenton,,False,False
,Ft. Zumwalt South,,Washington,,False,False
,Nixa,,Webb City,,False,False
2026-02-01,MICDS,,Westminster Christian Academy,,False,False
2026-01-02,Kickapoo,,Willard,,False,False
2026-01-02,Butler,,Windsor,,False,False
2026-02-01,Windsor,,Adrian,,False,False
2026-02-01,Jennings,,Affton,,False,False
,Camdenton,,Battle,,False,False
2026-01-02,Jefferson (Festus),,Bayless with Hancock,,False,False
2026-01-02,Savannah,,Benton,,False,False
2026-02-01,Southern Boone,,Boonville,,False,False
2026-02-01,Louisiana,,Bowling Green,,False,False
2026-01-02,Gallatin with Tri-County,,Brookfield,,False,False
2026-02-01,Clever,,Buffalo,,False,False
2026-01-02,Mountain Grove,,Cabool,,False,False
2026-02-01,Blair Oaks,,California,,False,False
2026-01-02,Maryville,,Cameron,,False,False
2026-01-02,Jefferson City,,Capital City,,False,False
2026-02-01,Branson,,Carl Junction,,False,False
,Knob Noster with Leeton,,Carrollton,,False,False
2026-01-02,Joplin,,Carthage,,False,False
2026-02-01,St. Pius X (Festus),,Caruthersville,,False,False
2026-02-01,Kennett,,Central (New Madrid County),,False,False
2026-02-01,Potosi,,Central (Park Hills),,False,False
2026-01-02,Park Hill South,,Central (St. Joseph),,False,False
2026-02-01,St. Dominic,,Chaminade College Prep,,False,False
2026-01-02,Herculaneum,,Cuba with Steelville,,False,False
2026-02-01,Vianney,,De Smet Jesuit,,False,False
2026-02-01,Windsor (Imperial),,DeSoto,,False,False
,Ash Grove,,Diamond,,False,False
2026-02-01,Kelly,,Doniphan,,False,False
2026-01-02,North Platte,,East Buchanan,,False,False
2026-01-02,Cassville,,East Newton,,False,False
2026-01-02,Dexter,,East Prairie,,False,False
2026-02-01,Sherwood,,El Dorado Springs,,False,False
2026-02-01,Kirkwood,,Eureka,,False,False
2026-02-01,Chillicothe,,Excelsior Springs,,False,False
2026-01-02,Liberty (Wentzville),,Francis Howell,,False,False
2026-02-01,Francis Howell Central,,Francis Howell North,,False,False
2026-02-01,Washington,,Ft. Zumwalt East,,False,False
2026-01-02,Ft. Zumwalt North,,Ft. Zumwalt South,,False,False
2026-02-01,Hallsville,,Fulton,,False,False
,Confluence Prep Academy Charter,,Gateway with Soldan International Studies,,False,False
2026-01-02,Waynesville,,Glendale,,False,False
2026-02-01,Platte County,,Grain Valley,,False,False
2026-01-02,Smithville,,Grandview,,False,False
2026-02-01,Mexico,,Hannibal,,False,False
,Linn,,Harrisburg,,False,False
2026-02-01,Scott City with Chaffee,,Hayti,,False,False
2026-02-01,Riverview Gardens,,Hazelwood Central,,False,False
2026-02-01,Rock Bridge,,Helias Catholic,,False,False
2026-01-02,Festus,,Hillsboro,,False,False
2026-02-01,Warrenton,,Holt,,False,False
2026-01-02,Thayer,,Houston,,False,False
,Farmington,,Jackson,,False,False
2026-02-01,MICDS,,John Burroughs,,False,False
2026-01-02,Winnetonka,,Kearney,,False,False
2026-01-02,Lebanon,,Kickapoo,,False,False
2026-02-01,Richmond,,Lafayette County,,False,False
2026-02-01,Raymore-Peculiar,,Lee's Summit,,False,False
2026-02-01,Blue Springs,,Lee's Summit West,,False,False
2026-01-02,Holden,,Lexington,,False,False
2026-02-01,Staley,,Liberty North,,False,False
2026-02-01,Rockwood Summit,,Lindbergh,,False,False
2026-02-01,Bolivar,,Logan-Rogersville,,False,False
2026-01-02,Cole Camp,,Lone Jack with Kingsville,,False,False
2026-01-02,Lutheran North,,Lutheran South,,False,False
2026-01-02,North County,,Lutheran St. Charles,,False,False
2026-02-01,Centralia,,Macon,,False,False
2026-02-01,Sarcoxie,,Marionville,,False,False
2026-02-01,Lafayette (Wildwood),,Marquette,,False,False
2026-01-02,Kirksville,,Marshall,,False,False
2026-01-02,Parkview,,Marshfield,,False,False
,Clayton with Brentwood,,McCluer,,False,False
,West Platte,,Mid-Buchanan,,False,False
,Maysville,,Milan,,False,False
2026-02-01,Pierce City,,Miller,,False,False
2026-01-02,Aurora,,Monett,,False,False
2026-01-02,Highland,,Monroe City,,False,False
2026-01-02,McDonald County,,Mt. Vernon,,False,False
2026-01-02,Seneca,,Nevada,,False,False
2026-02-01,Liberty,,North Kansas City,,False,False
2026-02-01,Central (Kansas City),,Northeast (Kansas City),,False,False
2026-02-01,McCluer North,,Northwest (Cedar Hill),,False,False
2026-02-01,Lee's Summit North,,Oak Park,,False,False
2026-02-01,Parkway South,,Oakville,,False,False
2026-01-02,Oak Grove,,Odessa,,False,False
2026-01-02,Eldon,,Osage,,False,False
2026-01-02,Nixa,,Ozark,,False,False
2026-02-01,North Callaway,,Palmyra,,False,False
2026-01-02,Blue Springs South,,Park Hill,,False,False
2026-01-02,Ladue Horton Watkins,,Parkway North,,False,False
,Hazelwood East,,Parkway West,,False,False
,Parkway Central,,Pattonville,,False,False
2026-02-01,Lawson,,Penney,,False,False
2026-01-02,Grandview (Hillsboro),,Perryville,,False,False
,Lathrop,,Plattsburg,,False,False
2026-01-02,Clinton,,Pleasant Hill,,False,False
,Crest Ridge with Chilhowee,,"Pleasant Hope with Halfway, Marion C. Early",,False,False
2026-01-02,Central (Cape Girardeau),,Poplar Bluff,,False,False
2026-01-02,Malden,,Portageville,,False,False
2026-01-02,Marceline,,Putnam County,,False,False
,Fort Osage,,Raytown,,False,False
2026-01-02,Ruskin,,Raytown South,,False,False
2026-01-02,Forsyth,,Reeds Spring,,False,False
2026-02-01,Neosho,,Republic,,False,False
2026-01-02,Hazelwood West,,Ritenour,,False,False
,Moberly,,Rolla,,False,False
2026-01-02,Fayette,,Russellville,,False,False
2026-01-02,Ava,,Salem,,False,False
2026-01-02,Principia,,Salisbury,,False,False
2026-02-01,Fox,,Seckman,,False,False
2026-02-01,Miller Career Academy with Sumner,,Sikeston,,False,False
2026-01-02,Stockton with Sheldon,,Skyline,,False,False
2026-01-02,Lift for Life Academy Charter,,SLUH,,False,False
2026-02-01,Hickman,,Smith-Cotton,,False,False
2026-01-02,Clark County,,South Shelby,,False,False
,Fair Grove,,Springfield Catholic,,False,False
2026-02-01,Orchard Farm,,St. Charles West,,False,False
2026-02-01,Hermann,,St. Clair,,False,False
2026-02-01,Father Tolton,,St. Francis Borgia,,False,False
2026-01-02,Butler,,St. James,,False,False
2026-02-01,Summit Christian Academy,,St. Michael the Archangel,,False,False
2026-02-01,Fredericktown,,Ste. Genevieve,,False,False
2026-02-01,Hollister,,Strafford,,False,False
2026-02-01,Pacific,,Sullivan,,False,False
2026-02-01,North Point,,Timberland,,False,False
2026-02-01,South Callaway,,Tipton with Bunceton,,False,False
2026-01-02,South Harrison,,Trenton,,False,False
2026-01-02,Ft. Zumwalt West,,Troy Buchanan,,False,False
2026-01-02,Belton,,Truman,,False,False
2026-02-01,Owensville,,Union,,False,False
2026-01-02,Pembroke Hill,,University Academy Charter with Ewing Marion Kauffman,,False,False
2026-01-02,Normandy Collaborative,,University City,,False,False
,St. Vincent,,Valle Catholic,,False,False
2026-01-02,Montgomery County,,Van-Far,,False,False
,Crystal City,,Veritas Christian Academy,,False,False
2026-01-02,Warsaw,,Versailles,,False,False
2026-01-02,Harrisonville,,Warrensburg,,False,False
,Mehlville,,Webster Groves,,False,False
2026-01-01,Hillcrest,,West Plains,,False,False
2026-01-02,Priory,,Westminster Christian Academy,,False,False
2026-01-02,Webb City,,Willard,,False,False
2026-01-02,Van Horn,,William Chrisman,,False,False
2026-01-02,Liberty (Mountain View),,Willow Springs,,False,False
2026-02-01,St. Charles,,Winfield,,False,False
2026-01-02,Mark Twain,,Wright City,,False,False
2026-02-01,Versailles,,Adrian,,False,False
2026-02-01,Pierce City,,Ash Grove,,False,False
2026-01-02,Houston,,Ava,,False,False
,Smith-Cotton,,Battle,,False,False
2026-02-01,Grain Valley,,Belton,,False,False
2026-02-01,Boonville,,Blair Oaks,,False,False
2026-02-01,Liberty North,,Blue Springs South,,False,False
2026-02-01,Parkview,,Branson,,False,False
2026-02-01,Sherwood,,Butler,,False,False
2026-01-02,Osage,,California,,False,False
2026-01-02,Helias Catholic,,Capital City,,False,False
,Lamar,,Cassville,,False,False
2026-02-01,Odessa,,Center,,False,False
2026-01-02,Gateway with Soldan International Studies,,Central (Cape Girardeau),,False,False
2026-02-01,Ste. Genevieve,,Central (Park Hills),,False,False
2026-01-02,Monroe City,,Centralia,,False,False
2026-01-01,Saxony Lutheran,,Charleston,,False,False
2026-02-01,Macon,,Clark County,,False,False
,Hollister,,Clever,,False,False
,Crest Ridge with Chilhowee,,Cole Camp,,False,False
,Salisbury,,Crystal City,,False,False
2026-02-01,"Pleasant Hope with Halfway, Marion C. Early",,Cuba with Steelville,,False,False
,Central (New Madrid County),,Dexter,,False,False
2026-01-02,Stockton with Sheldon,,Diamond,,False,False
2026-02-01,Kennett,,Doniphan,,False,False
2026-02-01,Westran,,Duchesne,,False,False
2026-01-02,Mt. Vernon,,East Newton,,False,False
2026-02-01,Hallsville,,Eldon,,False,False
2026-02-01,Marquette,,Eureka,,False,False
2026-01-02,Reeds Spring,,Fair Grove,,False,False
2026-02-01,Sikeston,,Farmington,,False,False
2026-02-01,Chillicothe,,Father Tolton,,False,False
2026-01-02,North County,,Festus,,False,False
2026-02-01,Strafford,,Forsyth,,False,False
,Truman,,Fort Osage,,False,False
2026-02-01,Parkway West,,Fox,,False,False
2026-01-02,Francis Howell,,Francis Howell Central,,False,False
2026-01-02,DeSoto,,Fredericktown,,False,False
2026-02-01,Ft. Zumwalt East,,Ft. Zumwalt South,,False,False
2026-01-02,Parkway North,,Hazelwood East,,False,False
2026-01-02,Ladue Horton Watkins,,Hazelwood West,,False,False
2026-01-02,Grandview (Hillsboro),,Herculaneum,,False,False
2026-02-01,St. James,,Hermann,,False,False
2026-01-02,Jefferson City,,Hickman,,False,False
2026-02-01,Palmyra,,Highland,,False,False
2026-01-01,Logan-Rogersville,,Hillcrest,,False,False
2026-01-02,Lafayette County,,Holden,,False,False
2026-02-01,Winfield,,Holt,,False,False
2026-01-02,Poplar Bluff,,Jackson,,False,False
2026-01-02,Perryville,,Jefferson (Festus),,False,False
2026-01-02,Lutheran South,,John Burroughs,,False,False
2026-02-01,Republic,,Joplin,,False,False
2026-01-02,East Prairie,,Kelly,,False,False
2026-02-01,Mexico,,Kirksville,,False,False
,Lindbergh,,Kirkwood,,False,False
,Lexington,,Knob Noster with Leeton,,False,False
2026-02-01,East Buchanan,,Lathrop,,False,False
2026-02-01,Mid-Buchanan,,Lawson,,False,False
2026-01-02,Glendale,,Lebanon,,False,False
2026-02-01,Lee's Summit West,,Lee's Summit,,False,False
2026-02-01,Central (St. Joseph),,Lee's Summit North,,False,False
2026-01-02,Park Hill,,Liberty,,False,False
2026-01-02,Mountain Grove,,Liberty (Mountain View),,False,False
2026-01-02,Ft. Zumwalt West,,Liberty (Wentzville),,False,False
2026-02-01,St. Mary's South Side,,Lift for Life Academy Charter,,False,False
2026-01-02,Northeast (Kansas City),,Lincoln College Prep,,False,False
2026-01-02,Fayette,,Linn,,False,False
,Westminster Christian Academy,,Lutheran North,,False,False
2026-02-01,St. Pius X (Festus),,Lutheran St. Charles,,False,False
2026-01-02,Gallatin with Tri-County,,Marceline,,False,False
2026-02-01,Miller,,Marionville,,False,False
2026-02-01,Bolivar,,Marshfield,,False,False
2026-01-02,Benton,,Maryville,,False,False
2026-01-02,Putnam County,,Maysville,,False,False
2026-01-02,Affton,,McCluer,,False,False
,Mehlville,,McCluer North,,False,False
2026-01-02,Nevada,,McDonald County,,False,False
2026-01-02,Priory,,MICDS,,False,False
,Trenton,,Milan,,False,False
2026-01-02,Marshall,,Moberly,,False,False
2026-01-02,Mark Twain,,Montgomery County,,False,False
2026-01-02,Willard,,Neosho,,False,False
,Kickapoo,,Nixa,,False,False
2026-02-01,Jennings,,Normandy Collaborative,,False,False
2026-02-01,Louisiana,,North Callaway,,False,False
2026-02-01,Penney,,North Platte,,False,False
2026-01-02,Ft. Zumwalt North,,North Point,,False,False
2026-01-02,Clinton,,Oak Grove,,False,False
2026-02-01,Webster Groves,,Oakville,,False,False
2026-02-01,Warrenton,,Orchard Farm,,False,False
,Owensville,,Pacific,,False,False
2026-01-02,Oak Park,,Park Hill South,,False,False
2026-02-01,Northwest (Cedar Hill),,Parkway South,,False,False
2026-02-01,Hogan Prep Academy Charter,,Pembroke Hill,,False,False
2026-02-01,Raytown,,Platte County,,False,False
2026-02-01,Caruthersville,,Portageville,,False,False
2026-02-01,Valle Catholic,,Potosi,,False,False
2026-02-01,Hayti,,Principia,,False,False
2026-02-01,North Kansas City,,Raymore-Peculiar,,False,False
2026-02-01,Carrollton,,Richmond,,False,False
2026-01-02,Pattonville,,Ritenour,,False,False
2026-02-01,Parkway Central,,Riverview Gardens,,False,False
2026-02-01,Camdenton,,Rock Bridge,,False,False
2026-02-01,Lafayette (Wildwood),,Rockwood Summit,,False,False
,Aurora,,Rolla,,False,False
2026-02-01,Grandview,,Ruskin,,False,False
2026-02-01,South Callaway,,Russellville,,False,False
2026-02-01,Skyline,,Sarcoxie,,False,False
2026-01-02,Cameron,,Savannah,,False,False
2026-01-02,Malden,,Scott City with Chaffee,,False,False
,Hazelwood Central,,Seckman,,False,False
2026-01-02,Monett,,Seneca,,False,False
2026-02-01,De Smet Jesuit,,SLUH,,False,False
2026-01-02,Raytown South,,Smithville,,False,False
2026-01-02,Brookfield,,South Harrison,,False,False
2026-02-01,Fulton,,Southern Boone,,False,False
2026-02-01,Buffalo,,Springfield Catholic,,False,False
2026-02-01,St. Charles West,,St. Charles,,False,False
2026-02-01,Sullivan,,St. Clair,,False,False
2026-01-02,Hannibal,,St. Dominic,,False,False
2026-01-02,Van Horn,,St. Michael the Archangel,,False,False
,Kearney,,St. Pius X (Kansas City),,False,False
2026-02-01,Bayless with Hancock,,St. Vincent,,False,False
2026-02-01,Blue Springs,,Staley,,False,False
2026-01-02,University Academy Charter with Ewing Marion Kauffman,,Summit Christian Academy,,False,False
2026-01-02,Cabool,,Thayer,,False,False
,Harrisburg,,Tipton with Bunceton,,False,False
2026-02-01,Francis Howell North,,Troy Buchanan,,False,False
2026-02-01,St. Francis Borgia,,Union,,False,False
2026-02-01,Bowling Green,,Van-Far,,False,False
2026-02-01,Chaminade College Prep,,Vianney,,False,False
2026-01-02,Pleasant Hill,,Warrensburg,,False,False
2026-01-02,El Dorado Springs,,Warsaw,,False,False
2026-02-01,Timberland,,Washington,,False,False
2026-01-02,Ozark,,Waynesville,,False,False
2026-02-01,Carthage,,Webb City,,False,False
2026-01-02,Carl Junction,,West Plains,,False,False
,Plattsburg,,West Platte,,False,False
2026-02-01,Excelsior Springs,,William Chrisman,,False,False
2026-01-02,Salem,,Willow Springs,,False,False
2026-01-02,Lone Jack with Kingsville,,Windsor,,False,False
2026-02-01,Hillsboro,,Windsor (Imperial),,False,False
2026-02-01,Central (Kansas City),,Winnetonka,,False,False
2026-02-01,South Shelby,,Wright City,,False,False
2026-01-02,Seneca,,Aurora,,False,False
2026-02-01,Rock Bridge,,Battle,,False,False
2026-02-01,William Chrisman,,Belton,,False,False
2026-02-01,Rockhurst,,Blue Springs,,False,False
2026-02-01,Branson,,Bolivar,,False,False
2026-01-02,California,,Boonville,,False,False
2026-01-02,Montgomery County,,Bowling Green,,False,False
,Milan,,Brookfield,,False,False
2026-01-02,Warsaw,,Butler,,False,False
2026-02-01,Hickman,,Camdenton,,False,False
,Lexington,,Carrollton,,False,False
2026-01-02,Willard,,Carthage,,False,False
2026-02-01,Hayti,,Caruthersville,,False,False
,Miller Career Academy with Sumner,,Cassville,,False,False
2026-01-02,Jackson,,Central (Cape Girardeau),,False,False
2026-01-02,Doniphan,,Central (New Madrid County),,False,False
2026-01-02,Malden,,Charleston,,False,False
2026-02-01,Savannah,,Chillicothe,,False,False
2026-02-01,Chaminade College Prep,,Christian Brothers College,,False,False
2026-01-02,Centralia,,Clark County,,False,False
,Lutheran St. Charles,,Confluence Prep Academy Charter,,False,False
2026-01-02,Lone Jack with Kingsville,,Crest Ridge with Chilhowee,,False,False
2026-02-01,St. Pius X (Kansas City),,De Smet Jesuit,,False,False
2026-01-02,Hillsboro,,DeSoto,,False,False
2026-01-02,Marionville,,Diamond,,False,False
2026-01-02,Crystal City,,Duchesne,,False,False
2026-02-01,Penney,,East Buchanan,,False,False
2026-02-01,Versailles,,El Dorado Springs,,False,False
2026-01-02,Benton,,Excelsior Springs,,False,False
2026-01-02,Tipton with Bunceton,,Fayette,,False,False
2026-01-02,Hannibal,,Festus,,False,False
,Fair Grove,,Forsyth,,False,False
2026-02-01,Troy Buchanan,,Francis Howell,,False,False
2026-01-02,Central (Park Hills),,Fredericktown,,False,False
2026-02-01,Ft. Zumwalt East,,Ft. Zumwalt North,,False,False
2026-01-02,Francis Howell North,,Ft. Zumwalt West,,False,False
2026-02-01,Blair Oaks,,Fulton,,False,False
2026-01-02,Maysville,,Gallatin with Tri-County,,False,False
,Maryville,,Gateway with Soldan International Studies,,False,False
2026-01-02,Kickapoo,,Glendale,,False,False
2026-02-01,Truman,,Grain Valley,,False,False
2026-01-02,Winnetonka,,Grandview,,False,False
2026-01-02,Jefferson (Festus),,Grandview (Hillsboro),,False,False
2026-01-02,Osage,,Hallsville,,False,False
,Seckman,,Hazelwood East,,False,False
2026-02-01,Bayless with Hancock,,Herculaneum,,False,False
2026-01-02,Marshfield,,Hillcrest,,False,False
,Springfield Catholic,,Hollister,,False,False
2026-01-02,Willow Springs,,Houston,,False,False
2026-01-02,Helias Catholic,,Jefferson City,,False,False
2026-02-01,Dexter,,Kelly,,False,False
2026-01-02,East Prairie,,Kennett,,False,False
2026-02-01,Fox,,Kirkwood,,False,False
2026-02-01,Eureka,,Ladue Horton Watkins,,False,False
,Knob Noster with Leeton,,Lafayette County,,False,False
2026-01-02,Mt. Vernon,,Lamar,,False,False
,Mid-Buchanan,,Lathrop,,False,False
2026-01-02,Blue Springs South,,Lee's Summit West,,False,False
2026-01-02,Oak Park,,Liberty,,False,False
2026-01-02,Cabool,,Liberty (Mountain View),,False,False
2026-02-01,Francis Howell Central,,Liberty (Wentzville),,False,False
2026-02-01,Lee's Summit,,Liberty North,,False,False
2026-01-02,Cardinal Ritter,,Lift for Life Academy Charter,,False,False
2026-02-01,Central (Kansas City),,Lincoln College Prep,,False,False
,Parkway West,,Lindbergh,,False,False
,West Plains,,Logan-Rogersville,,False,False
,Highland,,Louisiana,,False,False
2026-01-02,Westminster Christian Academy,,Lutheran South,,False,False
2026-01-02,South Harrison,,Marceline,,False,False
2026-02-01,North Callaway,,Mark Twain,,False,False
2026-01-02,Hazelwood West,,Marquette,,False,False
2026-02-01,Father Tolton,,Marshall,,False,False
2026-01-02,Affton,,McCluer North,,False,False
2026-02-01,Rolla,,Mexico,,False,False
2026-02-01,Lutheran North,,MICDS,,False,False
2026-02-01,Sarcoxie,,Miller,,False,False
,Kirksville,,Moberly,,False,False
2026-01-02,McDonald County,,Monett,,False,False
2026-02-01,Macon,,Monroe City,,False,False
2026-01-02,Salem,,Mountain Grove,,False,False
2026-01-02,Joplin,,Neosho,,False,False
2026-01-02,East Newton,,Nevada,,False,False
,Waynesville,,Nixa,,False,False
2026-02-01,Windsor (Imperial),,North County,,False,False
2026-02-01,Lee's Summit North,,North Kansas City,,False,False
,Washington,,North Point,,False,False
2026-02-01,Jennings,,Northwest (Cedar Hill),,False,False
2026-01-02,Center,,Oak Grove,,False,False
2026-02-01,Clayton with Brentwood,,Oakville,,False,False
2026-02-01,Warrensburg,,Odessa,,False,False
2026-02-01,St. Charles,,Orchard Farm,,False,False
2026-02-01,St. Clair,,Owensville,,False,False
2026-01-02,Lebanon,,Ozark,,False,False
2026-02-01,South Shelby,,Palmyra,,False,False
2026-02-01,Central (St. Joseph),,Park Hill,,False,False
2026-01-02,Carl Junction,,Parkview,,False,False
2026-02-01,Lafayette (Wildwood),,Parkway Central,,False,False
2026-01-02,Ritenour,,Parkway North,,False,False
2026-02-01,McCluer,,Parkway South,,False,False
,Hazelwood Central,,Pattonville,,False,False
2026-02-01,Potosi,,Perryville,,False,False
2026-02-01,Fort Osage,,Platte County,,False,False
2026-01-02,North Platte,,Plattsburg,,False,False
2026-01-02,Harrisonville,,Pleasant Hill,,False,False
2026-01-02,Clinton,,"Pleasant Hope with Halfway, Marion C. Early",,False,False
2026-01-02,John Burroughs,,Priory,,False,False
2026-01-02,Park Hill South,,Raytown,,False,False
2026-01-02,Kearney,,Raytown South,,False,False
2026-02-01,Buffalo,,Reeds Spring,,False,False
2026-02-01,Webb City,,Republic,,False,False
2026-01-02,Holden,,Richmond,,False,False
2026-02-01,Riverview Gardens,,Rockwood Summit,,False,False
,East (Kansas City),,Ruskin,,False,False
,Linn,,Russellville,,False,False
2026-02-01,Scotland County,,Salisbury,,False,False
,Portageville,,Scott City with Chaffee,,False,False
2026-01-02,Adrian,,Sherwood,,False,False
2026-01-02,Poplar Bluff,,Sikeston,,False,False
,Ash Grove,,Skyline,,False,False
2026-02-01,Vianney,,SLUH,,False,False
2026-01-02,Capital City,,Smith-Cotton,,False,False
2026-02-01,Harrisburg,,South Callaway,,False,False
2026-01-02,Eldon,,Southern Boone,,False,False
2026-01-02,Holt,,St. Charles West,,False,False
2026-02-01,St. Dominic,,St. Francis Borgia,,False,False
2026-02-01,Union,,St. James,,False,False
2026-02-01,Pacific,,St. Mary's South Side,,False,False
2026-02-01,Farmington,,St. Pius X (Festus),,False,False
2026-02-01,Cuba with Steelville,,St. Vincent,,False,False
,Raymore-Peculiar,,Staley,,False,False
2026-02-01,Pierce City,,Stockton with Sheldon,,False,False
2026-02-01,Clever,,Strafford,,False,False
2026-02-01,Hermann,,Sullivan,,False,False
2026-01-02,Ava,,Thayer,,False,False
2026-02-01,Ft. Zumwalt South,,Timberland,,False,False
2026-01-02,Putnam County,,Trenton,,False,False
2026-01-02,St. Michael the Archangel,,University Academy Charter with Ewing Marion Kauffman,,False,False
,Mehlville,,University City,,False,False
2026-02-01,Ste. Genevieve,,Valle Catholic,,False,False
2026-02-01,Summit Christian Academy,,Van Horn,,False,False
2026-01-02,Principia,,Veritas Christian Academy,,False,False
2026-02-01,Winfield,,Warrenton,,False,False
2026-01-02,Normandy Collaborative,,Webster Groves,,False,False
2026-02-01,Lawson,,West Platte,,False,False
2026-02-01,Westran,,Windsor,,False,False
,Van-Far,,Wright City,,False,False
2026-01-02,Marionville,,Ash Grove,,False,False
2026-02-01,Cuba with Steelville,,Bayless with Hancock,,False,False
2026-01-02,Cameron,,Benton,,False,False
2026-02-01,Lee's Summit,,Blue Springs,,False,False
2026-02-01,Mexico,,Bowling Green,,False,False
2026-01-01,Hillcrest,,Branson,,False,False
2026-02-01,Forsyth,,Buffalo,,False,False
2026-01-02,Ava,,Cabool,,False,False
2026-01-02,Capital City,,Camdenton,,False,False
2026-02-01,Christian Brothers College,,Cardinal Ritter,,False,False
2026-02-01,Bolivar,,Carl Junction,,False,False
2026-01-02,Central (Cape Girardeau),,Caruthersville,,False,False
,Warrensburg,,Center,,False,False
2026-02-01,Grain Valley,,Central (St. Joseph),,False,False
2026-01-02,Lift for Life Academy Charter,,Chaminade College Prep,,False,False
2026-02-01,Moberly,,Chillicothe,,False,False
2026-01-02,Normandy Collaborative,,Clayton with Brentwood,,False,False
,Springfield Catholic,,Clever,,False,False
2026-01-02,Harrisonville,,Clinton,,False,False
2026-01-02,Central (Park Hills),,Dexter,,False,False
,Northeast (Kansas City),,East (Kansas City),,False,False
2026-02-01,West Platte,,East Buchanan,,False,False
2026-01-02,Monett,,East Newton,,False,False
2026-01-02,Charleston,,East Prairie,,False,False
2026-01-02,Adrian,,El Dorado Springs,,False,False
2026-02-01,Blair Oaks,,Eldon,,False,False
,Miller Career Academy with Sumner,,Excelsior Springs,,False,False
2026-02-01,Strafford,,Fair Grove,,False,False
,Hillsboro,,Farmington,,False,False
2026-01-02,Belton,,Fort Osage,,False,False
2026-02-01,Riverview Gardens,,Fox,,False,False
2026-01-02,Ft. Zumwalt West,,Francis Howell Central,,False,False
2026-01-02,Francis Howell,,Francis Howell North,,False,False
2026-02-01,Timberland,,Ft. Zumwalt East,,False,False
,North Point,,Ft. Zumwalt South,,False,False
2026-01-02,California,,Fulton,,False,False
2026-01-02,South Harrison,,Gallatin with Tri-County,,False,False
,St. Vincent,,Grandview (Hillsboro),,False,False
2026-02-01,Southern Boone,,Hallsville,,False,False
2026-01-02,Jackson,,Hannibal,,False,False
,Russellville,,Harrisburg,,False,False
2026-02-01,Father Tolton,,Hayti,,False,False
,Hazelwood East,,Hazelwood Central,,False,False
,Smith-Cotton,,Helias Catholic,,False,False
,Pacific,,Hermann,,False,False
2026-01-02,Clark County,,Highland,,False,False
2026-01-02,Carrollton,,Holden,,False,False
2026-01-02,Reeds Spring,,Hollister,,False,False
2026-02-01,Orchard Farm,,Holt,,False,False
2026-02-01,Ste. Genevieve,,Jefferson (Festus),,False,False
2026-01-02,Battle,,Jefferson City,,False,False
2026-02-01,McCluer,,Jennings,,False,False
2026-02-01,Grandview,,Kearney,,False,False
,Waynesville,,Kickapoo,,False,False
2026-02-01,Rockwood Summit,,Kirkwood,,False,False
2026-02-01,Richmond,,Knob Noster with Leeton,,False,False
2026-02-01,Eureka,,Lafayette (Wildwood),,False,False
,Nevada,,Lamar,,False,False
2026-02-01,Plattsburg,,Lawson,,False,False
2026-01-02,Nixa,,Lebanon,,False,False
2026-02-01,Liberty,,Lee's Summit North,,False,False
2026-02-01,Staley,,Lee's Summit West,,False,False
,Lafayette County,,Lexington,,False,False
2026-02-01,Marquette,,Lindbergh,,False,False
,Tipton with Bunceton,,Linn,,False,False
2026-01-02,"Pleasant Hope with Halfway, Marion C. Early",,Lone Jack with Kingsville,,False,False
2026-02-01,Kirksville,,Macon,,False,False
2026-01-02,Crystal City,,Malden,,False,False
2026-01-02,Louisiana,,Mark Twain,,False,False
2026-01-02,Rolla,,Marshall,,False,False
2026-01-02,Logan-Rogersville,,Marshfield,,False,False
,Trenton,,Maysville,,False,False
2026-01-02,Aurora,,McDonald County,,False,False
2026-02-01,Oakville,,Mehlville,,False,False
2026-01-02,Marceline,,Milan,,False,False
2026-01-02,Wright City,,Montgomery County,,False,False
2026-01-02,Houston,,Mountain Grove,,False,False
2026-01-02,Cassville,,Mt. Vernon,,False,False
2026-02-01,Van-Far,,North Callaway,,False,False
2026-02-01,St. Clair,,North County,,False,False
2026-01-02,Mid-Buchanan,,North Platte,,False,False
2026-02-01,Webster Groves,,Northwest (Cedar Hill),,False,False
2026-01-02,Lincoln College Prep,,Oak Grove,,False,False
2026-01-02,Park Hill,,Oak Park,,False,False
2026-01-02,Pleasant Hill,,Odessa,,False,False
2026-01-02,Boonville,,Osage,,False,False
2026-02-01,St. James,,Owensville,,False,False
2026-01-02,Glendale,,Ozark,,False,False
2026-02-01,Centralia,,Palmyra,,False,False
2026-02-01,North Kansas City,,Park Hill South,,False,False
,West Plains,,Parkview,,False,False
,Ladue Horton Watkins,,Parkway Central,,False,False
2026-02-01,McCluer North,,Parkway South,,False,False
2026-01-02,Hazelwood West,,Parkway West,,False,False
2026-01-02,Parkway North,,Pattonville,,False,False
2026-02-01,Lathrop,,Penney,,False,False
2026-01-02,Herculaneum,,Perryville,,False,False
2026-02-01,Diamond,,Pierce City,,False,False
2026-01-02,Festus,,Poplar Bluff,,False,False
2026-01-02,Lutheran South,,Portageville,,False,False
2026-01-02,DeSoto,,Potosi,,False,False
2026-02-01,Kelly,,Principia,,False,False
2026-01-02,Confluence Prep Academy Charter,,Priory,,False,False
2026-01-02,Brookfield,,Putnam County,,False,False
2026-02-01,Liberty North,,Raymore-Peculiar,,False,False
2026-02-01,Carthage,,Republic,,False,False
2026-02-01,Hickman,,Rock Bridge,,False,False
2026-01-02,Blue Springs South,,Rockhurst,,False,False
2026-01-02,Liberty (Mountain View),,Salem,,False,False
,Crest Ridge with Chilhowee,,Salisbury,,False,False
2026-01-02,Stockton with Sheldon,,Sarcoxie,,False,False
,Maryville,,Savannah,,False,False
2026-02-01,Kennett,,Scott City with Chaffee,,False,False
2026-01-02,Ritenour,,Seckman,,False,False
2026-02-01,Central (New Madrid County),,Sikeston,,False,False
2026-02-01,Miller,,Skyline,,False,False
2026-02-01,Gateway with Soldan International Studies,,SLUH,,False,False
2026-01-02,Ruskin,,Smithville,,False,False
2026-01-02,Fayette,,South Callaway,,False,False
2026-01-02,Monroe City,,South Shelby,,False,False
2026-02-01,Warrenton,,St. Charles,,False,False
2026-02-01,MICDS,,St. Dominic,,False,False
,Lutheran St. Charles,,St. Francis Borgia,,False,False
2026-02-01,De Smet Jesuit,,St. Mary's South Side,,False,False
2026-02-01,Hogan Prep Academy Charter,,St. Michael the Archangel,,False,False
,Lutheran North,,St. Pius X (Kansas City),,False,False
2026-02-01,Pembroke Hill,,Summit Christian Academy,,False,False
2026-02-01,Liberty (Wentzville),,Troy Buchanan,,False,False
2026-02-01,Platte County,,Truman,,False,False
2026-02-01,Sullivan,,Union,,False,False
2026-01-02,Affton,,University City,,False,False
2026-01-01,Saxony Lutheran,,Valle Catholic,,False,False
2026-01-02,University Academy Charter with Ewing Marion Kauffman,,Van Horn,,False,False
,John Burroughs,,Veritas Christian Academy,,False,False
2026-01-02,Butler,,Versailles,,False,False
2026-02-01,St. Pius X (Festus),,Vianney,,False,False
2026-02-01,Sherwood,,Warsaw,,False,False
2026-01-02,Ft. Zumwalt North,,Washington,,False,False
,Neosho,,Webb City,,False,False
2026-01-02,Duchesne,,Westminster Christian Academy,,False,False
2026-02-01,Scotland County,,Westran,,False,False
2026-01-02,Joplin,,Willard,,False,False
2026-02-01,Raytown,,William Chrisman,,False,False
2026-01-02,Thayer,,Willow Springs,,False,False
2026-02-01,Cole Camp,,Windsor,,False,False
2026-02-01,Fredericktown,,Windsor (Imperial),,False,False
2026-02-01,St. Charles West,,Winfield,,False,False
2026-01-02,Raytown South,,Winnetonka,,False,False
2026-01-02,Cole Camp,,Adrian,,False,False
2026-01-02,Normandy Collaborative,,Affton,,False,False
2026-01-02,East Newton,,Aurora,,False,False
2026-01-02,Willow Springs,,Ava,,False,False
2026-01-02,Duchesne,,Bayless with Hancock,,False,False
2026-02-01,Chillicothe,,Benton,,False,False
2026-02-01,Hallsville,,Blair Oaks,,False,False
2026-01-02,Raymore-Peculiar,,Blue Springs South,,False,False
2026-02-01,Parkview,,Bolivar,,False,False
,Fulton,,Boonville,,False,False
2026-02-01,Fair Grove,,Buffalo,,False,False
2026-01-02,El Dorado Springs,,Butler,,False,False
2026-01-02,Eldon,,California,,False,False
2026-01-02,University Academy Charter with Ewing Marion Kauffman,,Cameron,,False,False
2026-01-02,Miller Career Academy with Sumner,,Capital City,,False,False
2026-01-01,Hillcrest,,Carl Junction,,False,False
2026-02-01,Neosho,,Carthage,,False,False
2026-01-02,Pleasant Hill,,Center,,False,False
2026-01-02,Dexter,,Central (Cape Girardeau),,False,False
,Portageville,,Central (New Madrid County),,False,False
2026-01-02,Farmington,,Central (Park Hills),,False,False
2026-02-01,South Shelby,,Centralia,,False,False
2026-01-02,Francis Howell,,Chaminade College Prep,,False,False
2026-02-01,Sikeston,,Charleston,,False,False
2026-02-01,Windsor,,Crest Ridge with Chilhowee,,False,False
,Grandview (Hillsboro),,Crystal City,,False,False
2026-01-02,Perryville,,Cuba with Steelville,,False,False
2026-02-01,Lutheran North,,De Smet Jesuit,,False,False
2026-01-02,Herculaneum,,DeSoto,,False,False
,Skyline,,Diamond,,False,False
2026-01-02,Malden,,Doniphan,,False,False
2026-02-01,Central (Kansas City),,East (Kansas City),,False,False
2026-01-02,Scott City with Chaffee,,East Prairie,,False,False
2026-02-01,Lindbergh,,Eureka,,False,False
2026-01-02,St. Michael the Archangel,,Father Tolton,,False,False
2026-01-02,Harrisburg,,Fayette,,False,False
,Hollister,,Forsyth,,False,False
2026-01-02,Park Hill South,,Fort Osage,,False,False
2026-02-01,St. Charles,,Francis Howell North,,False,False
2026-02-01,Troy Buchanan,,Ft. Zumwalt North,,False,False
,Battle,,Gateway with Soldan International Studies,,False,False
2026-01-02,Nixa,,Glendale,,False,False
2026-02-01,William Chrisman,,Grain Valley,,False,False
2026-02-01,Truman,,Grandview,,False,False
2026-01-02,Ft. Zumwalt West,,Hannibal,,False,False
2026-01-02,Oak Grove,,Harrisonville,,False,False
,Pattonville,,Hazelwood East,,False,False
2026-02-01,Riverview Gardens,,Hazelwood West,,False,False
2026-01-02,Lincoln College Prep,,Helias Catholic,,False,False
,Owensville,,Hermann,,False,False
2026-01-02,Poplar Bluff,,Hillsboro,,False,False
2026-01-02,Washington,,Holt,,False,False
2026-01-02,Liberty (Mountain View),,Houston,,False,False
2026-01-02,Cardinal Ritter,,Jackson,,False,False
2026-01-02,St. Vincent,,Jefferson (Festus),,False,False
2026-02-01,MICDS,,Jefferson City,,False,False
2026-02-01,Clayton with Brentwood,,Jennings,,False,False
2026-01-02,Principia,,John Burroughs,,False,False
2026-01-02,Webb City,,Joplin,,False,False
2026-02-01,Potosi,,Kelly,,False,False
2026-02-01,Fredericktown,,Kennett,,False,False
2026-01-02,Ozark,,Kickapoo,,False,False
2026-01-02,Festus,,Kirksville,,False,False
2026-01-02,Holden,,Knob Noster with Leeton,,False,False
,Parkway West,,Ladue Horton Watkins,,False,False
2026-02-01,Kirkwood,,Lafayette (Wildwood),,False,False
,Carrollton,,Lafayette County,,False,False
,West Platte,,Lathrop,,False,False
2026-01-02,North Platte,,Lawson,,False,False
2026-02-01,Staley,,Lee's Summit,,False,False
2026-02-01,Richmond,,Lexington,,False,False
2026-02-01,Blue Springs,,Liberty,,False,False
,Ft. Zumwalt South,,Liberty (Wentzville),,False,False
2026-02-01,Lee's Summit West,,Liberty North,,False,False
2026-02-01,Hickman,,Lift for Life Academy Charter,,False,False
2026-02-01,South Callaway,,Linn,,False,False
2026-02-01,Branson,,Logan-Rogersville,,False,False
2026-01-02,Montgomery County,,Louisiana,,False,False
2026-01-02,Veritas Christian Academy,,Lutheran South,,False,False
2026-02-01,Highland,,Macon,,False,False
2026-01-02,Brookfield,,Marceline,,False,False
2026-02-01,Pierce City,,Marionville,,False,False
2026-02-01,Bowling Green,,Mark Twain,,False,False
2026-02-01,Rockwood Summit,,Marquette,,False,False
2026-02-01,Odessa,,Maryville,,False,False
,University City,,McCluer,,False,False
2026-02-01,Parkway South,,Mehlville,,False,False
2026-02-01,Penney,,Mid-Buchanan,,False,False
2026-02-01,Mexico,,Moberly,,False,False
2026-01-02,Lamar,,Monett,,False,False
2026-02-01,Palmyra,,Monroe City,,False,False
,Cassville,,Nevada,,False,False
2026-02-01,Central (St. Joseph),,North Kansas City,,False,False
2026-02-01,Caruthersville,,North Point,,False,False
2026-02-01,Northwest (Cedar Hill),,Oakville,,False,False
2026-02-01,Lutheran St. Charles,,Orchard Farm,,False,False
2026-02-01,Southern Boone,,Osage,,False,False
2026-02-01,St. James,,Pacific,,False,False
2026-02-01,Lee's Summit North,,Park Hill,,False,False
2026-02-01,Fox,,Parkway Central,,False,False
2026-01-02,Seckman,,Parkway North,,False,False
2026-01-02,Van Horn,,Pembroke Hill,,False,False
2026-01-02,Belton,,Platte County,,False,False
2026-02-01,East Buchanan,,Plattsburg,,False,False
2026-01-02,Milan,,Putnam County,,False,False
2026-01-02,Raytown,,Raytown South,,False,False
2026-01-02,Clever,,Reeds Spring,,False,False
2026-01-02,Hazelwood Central,,Ritenour,,False,False
2026-02-01,SLUH,,Rockhurst,,False,False
,Camdenton,,Rolla,,False,False
,Kearney,,Ruskin,,False,False
2026-01-02,Cabool,,Salem,,False,False
2026-02-01,Ash Grove,,Sarcoxie,,False,False
,Excelsior Springs,,Savannah,,False,False
2026-01-02,Priory,,Saxony Lutheran,,False,False
2026-01-02,Clark County,,Scotland County,,False,False
2026-01-02,McDonald County,,Seneca,,False,False
2026-02-01,Versailles,,Sherwood,,False,False
2026-01-02,Marshall,,Smith-Cotton,,False,False
2026-01-02,Maysville,,South Harrison,,False,False
2026-02-01,Strafford,,Springfield Catholic,,False,False
2026-02-01,Ft. Zumwalt East,,St. Charles West,,False,False
2026-02-01,Union,,St. Clair,,False,False
2026-02-01,Rock Bridge,,St. Mary's South Side,,False,False
2026-02-01,Valle Catholic,,St. Pius X (Festus),,False,False
2026-01-02,Oak Park,,St. Pius X (Kansas City),,False,False
2026-01-02,North County,,Ste. Genevieve,,False,False
2026-02-01,Miller,,Stockton with Sheldon,,False,False
2026-02-01,Vianney,,Sullivan,,False,False
2026-01-02,Mt. Vernon,,Summit Christian Academy,,False,False
2026-01-02,Mountain Grove,,Thayer,,False,False
2026-02-01,Francis Howell Central,,Timberland,,False,False
,Russellville,,Tipton with Bunceton,,False,False
2026-01-02,Gallatin with Tri-County,,Trenton,,False,False
2026-02-01,Winfield,,Van-Far,,False,False
2026-01-02,Clinton,,Warrensburg,,False,False
2026-02-01,St. Francis Borgia,,Warrenton,,False,False
2026-01-02,Lebanon,,Waynesville,,False,False
,McCluer North,,Webster Groves,,False,False
2026-01-02,Marshfield,,West Plains,,False,False
2026-02-01,St. Dominic,,Westminster Christian Academy,,False,False
2026-02-01,Salisbury,,Westran,,False,False
2026-02-01,Republic,,Willard,,False,False
2026-02-01,Confluence Prep Academy Charter,,Windsor (Imperial),,False,False
2026-01-02,Smithville,,Winnetonka,,False,False
2026-02-01,North Callaway,,Wright City,,False,False
