School,OFF Rating,DEF Rating,OVR Rating,OFF Rank,DEF Rank,OVR Rank
Jackson,42.64,36.91,79.55,2,3,1
Lee's Summit North,38.1,33.69,71.79,3,6,2
Kearney,33.01,37.76,70.77,8,2,3
Blue Springs,33.92,33.73,67.65,7,5,4
Lee's Summit,21.65,44.96,66.61,29,1,5
Raymore-Peculiar,35.8,28.64,64.44,6,11,6
Valle Catholic,36.64,23.04,59.68,4,20,7
Christian Brothers College,36.64,22.82,59.46,5,21,8
St. Pius X (Kansas City),25.06,33.81,58.87,19,4,9
North Kansas City,28.05,30.77,58.82,13,9,10
De Smet Jesuit,44.39,13.64,58.03,1,62,11
Rockhurst,24.54,32.4,56.93,21,7,12
Liberty North,30.69,24.99,55.68,11,16,13
Blue Springs South,30.81,23.46,54.27,10,19,14
Farmington,24.54,29.31,53.85,20,10,15
Cardinal Ritter,24.16,26.45,50.61,22,14,16
St. Pius X (Festus),30.95,18.91,49.85,9,32,17
Helias Catholic,21.8,27.17,48.97,28,13,18
Oak Park,25.08,20.74,45.82,18,24,19
Troy Buchanan,30.3,15.15,45.45,12,55,20
Eureka,26.44,18.59,45.03,15,34,21
Savannah,23.64,20.89,44.53,24,23,22
SLUH,15.98,27.97,43.95,48,12,23
Lee's Summit West,21.05,22.72,43.76,33,22,24
Kirkwood,26.62,17.11,43.73,14,45,25
Lamar,18.95,23.49,42.44,37,18,26
Platte County,17.86,24.38,42.25,40,17,27
Ladue Horton Watkins,22.55,18.5,41.04,27,35,28
Blair Oaks,20.84,19.82,40.66,34,28,29
Logan-Rogersville,25.41,14.05,39.46,17,59,30
Cassville,21.45,17.52,38.97,30,42,31
Branson,21.31,17.18,38.49,32,44,32
St. Mary's South Side,12.35,25.66,38.01,69,15,33
Park Hill,17.99,17.73,35.72,39,41,34
Maryville,17.68,17.76,35.45,41,40,35
Chaminade College Prep,16.38,18.99,35.37,47,31,36
Festus,16.95,18.31,35.26,43,36,37
Hickman,15.95,19.03,34.99,49,30,38
Francis Howell,19.72,14.93,34.65,35,56,39
Centralia,22.89,11.53,34.42,26,75,40
Pattonville,14.59,19.52,34.11,53,29,41
Seneca,17.32,16.16,33.47,42,49,42
Fort Osage,16.82,16.59,33.41,46,48,43
Nixa,19.49,13.78,33.28,36,61,44
Rock Bridge,14.85,18.19,33.04,51,38,45
Tipton with Bunceton,23.45,9.16,32.61,25,89,46
Rockwood Summit,13.89,17.89,31.78,55,39,47
Lift for Life Academy Charter,-0.67,32.22,31.55,162,8,48
Camdenton,16.93,14.56,31.49,44,58,49
Staley,12.56,18.75,31.31,68,33,50
Lutheran North,24.15,6.78,30.93,23,107,51
Grain Valley,14.77,15.35,30.12,52,53,52
Hannibal,13.79,15.41,29.2,56,52,53
Odessa,8.69,20.42,29.11,92,25,54
Hillsboro,8.36,20.12,28.48,95,26,55
Smithville,12.93,13.93,26.86,67,60,56
Liberty,16.89,7.98,24.86,45,96,57
Northwest (Cedar Hill),8.16,16.1,24.26,97,50,58
Marquette,13.49,10.32,23.81,60,83,59
Carthage,13.16,10.54,23.7,65,82,60
St. Vincent,3.68,19.97,23.65,130,27,61
Bolivar,7.98,15.62,23.6,98,51,62
Pembroke Hill,12.31,10.97,23.28,70,80,63
Fair Grove,12.0,10.93,22.93,73,81,64
West Plains,6.14,16.79,22.93,108,46,65
Vianney,21.43,1.39,22.82,31,142,66
Seckman,10.66,12.12,22.79,79,73,67
Mid-Buchanan,13.43,9.14,22.57,61,90,68
Southern Boone,8.82,13.45,22.28,89,63,69
MICDS,18.68,3.59,22.27,38,123,70
Republic,9.99,11.36,21.35,82,78,71
Sikeston,5.95,14.82,20.77,112,57,72
Carl Junction,3.34,17.21,20.54,132,43,73
Moberly,9.45,11.0,20.46,86,79,74
Fox,7.09,13.31,20.41,103,64,75
Warrensburg,13.72,6.61,20.33,57,109,76
Hallsville,10.98,9.27,20.25,77,88,77
Mountain Grove,8.73,11.52,20.25,91,76,78
Oakville,11.34,8.79,20.14,74,93,79
Parkway West,7.09,12.56,19.65,104,68,80
Macon,2.74,16.68,19.42,135,47,81
Central (St. Joseph),10.01,9.37,19.37,81,87,82
Skyline,11.15,7.91,19.06,75,98,83
Lindbergh,0.23,18.21,18.44,153,37,84
Lafayette (Wildwood),9.15,9.08,18.23,87,91,85
Rolla,15.11,2.44,17.55,50,133,86
Ft. Zumwalt North,5.91,11.48,17.39,113,77,87
Palmyra,14.26,2.24,16.5,54,134,88
Webb City,4.12,12.23,16.35,125,72,89
Harrisonville,13.26,2.83,16.09,63,128,90
Pleasant Hill,5.73,10.06,15.79,115,86,91
Central (Cape Girardeau),7.13,8.27,15.4,101,94,92
Clever,2.29,12.94,15.24,136,67,93
Springfield Catholic,8.76,6.24,15.0,90,112,94
Parkway North,4.68,10.31,14.99,121,84,95
St. Dominic,2.76,12.23,14.99,134,71,96
University City,7.62,7.05,14.68,99,105,97
Sullivan,9.61,5.02,14.63,85,117,98
Neosho,12.18,2.17,14.34,71,135,99
Center,13.26,1.06,14.32,62,145,100
Caruthersville,6.7,7.52,14.22,106,103,101
Park Hill South,6.07,7.65,13.72,110,102,102
Ritenour,13.51,0.21,13.72,59,151,103
Pierce City,0.57,12.97,13.54,149,66,104
Timberland,12.94,0.22,13.17,66,150,105
Ste. Genevieve,4.16,9.0,13.16,124,92,106
North Callaway,25.91,-12.83,13.08,16,233,107
St. Charles West,-0.37,13.26,12.89,159,65,108
Mt. Vernon,0.53,12.25,12.78,150,69,109
Raytown,0.01,12.24,12.25,156,70,110
Thayer,10.87,1.19,12.06,78,144,111
Ft. Zumwalt West,6.13,5.74,11.87,109,113,112
Marshfield,8.43,2.52,10.95,93,132,113
Monett,13.55,-2.75,10.8,58,177,114
Nevada,3.68,6.65,10.34,129,108,115
Richmond,13.19,-2.93,10.26,64,179,116
Westminster Christian Academy,-5.72,15.23,9.51,187,54,117
Capital City,5.97,3.5,9.47,111,124,118
Jefferson City,12.16,-2.82,9.35,72,178,119
McDonald County,5.85,3.3,9.15,114,126,120
Boonville,10.4,-1.8,8.6,80,169,121
DeSoto,2.92,5.67,8.59,133,114,122
Smith-Cotton,6.83,1.48,8.31,105,139,123
St. Clair,0.04,7.94,7.98,155,97,124
Miller,-4.0,11.88,7.87,180,74,125
Marionville,0.97,6.8,7.78,145,106,126
Union,5.02,2.68,7.69,119,131,127
Central (Park Hills),1.02,5.02,6.04,143,116,128
North County,8.98,-3.34,5.64,88,181,129
Liberty (Wentzville),-2.37,7.98,5.61,170,95,130
Poplar Bluff,1.37,4.07,5.44,142,120,131
Kirksville,-2.45,7.66,5.21,172,101,132
Kennett,4.54,0.25,4.79,122,149,133
Summit Christian Academy,0.28,4.47,4.75,152,119,134
Father Tolton,8.2,-4.01,4.19,96,184,135
Liberty (Mountain View),-0.56,4.67,4.11,161,118,136
Oak Grove,-6.2,10.22,4.02,192,85,137
William Chrisman,5.56,-2.15,3.41,116,171,138
Chillicothe,-2.43,5.51,3.07,171,115,139
Warrenton,-3.76,6.56,2.8,178,110,140
Francis Howell Central,-5.23,7.81,2.58,184,99,141
Potosi,2.22,0.07,2.29,137,152,142
East Newton,-1.11,3.31,2.2,164,125,143
Hayti,0.39,1.44,1.83,151,140,144
Brookfield,8.42,-6.66,1.76,94,197,145
Forsyth,1.42,-0.19,1.23,141,155,146
St. Francis Borgia,-1.67,2.7,1.03,166,130,147
Ava,-6.73,7.19,0.46,194,104,148
Portageville,11.09,-10.68,0.4,76,223,149
Salisbury,5.17,-5.08,0.09,117,191,150
Belton,4.11,-4.04,0.06,126,186,151
Bowling Green,7.11,-7.18,-0.07,102,202,152
Raytown South,-8.09,7.67,-0.42,202,100,153
Osage,4.07,-4.9,-0.83,127,190,154
Clinton,-0.32,-0.71,-1.03,158,158,155
Hillcrest,4.42,-5.64,-1.22,123,192,156
Washington,0.57,-2.2,-1.63,148,172,157
Buffalo,9.67,-11.57,-1.91,84,228,158
St. Michael the Archangel,-3.84,1.88,-1.96,179,138,159
Hazelwood West,1.52,-3.88,-2.36,140,183,160
Dexter,-2.15,-0.39,-2.54,168,156,161
California,5.17,-7.83,-2.66,118,209,162
Benton,0.89,-3.64,-2.75,146,182,163
Glendale,3.6,-6.69,-3.08,131,198,164
West Platte,-1.52,-1.62,-3.14,165,168,165
Hazelwood East,-9.72,6.48,-3.23,212,111,166
Sarcoxie,-2.33,-1.1,-3.43,169,161,167
McCluer North,-5.62,2.16,-3.46,186,136,168
Ozark,0.58,-4.04,-3.47,147,187,169
Saxony Lutheran,-5.14,1.32,-3.83,183,143,170
Orchard Farm,3.77,-7.76,-3.99,128,208,171
Mexico,-3.08,-1.3,-4.38,175,163,172
Strafford,-6.84,1.44,-5.4,196,141,173
Parkway South,2.07,-7.51,-5.44,138,206,174
Lathrop,-4.02,-1.6,-5.62,181,167,175
Jefferson (Festus),-8.88,2.95,-5.92,207,127,176
South Callaway,-9.27,2.81,-6.45,209,129,177
Winnetonka,4.97,-11.8,-6.83,120,230,178
North Point,7.42,-14.47,-7.05,100,240,179
Aurora,-10.72,3.65,-7.07,216,122,180
Joplin,-8.11,0.64,-7.47,203,147,181
Gateway with Soldan International Studies,-0.48,-7.43,-7.9,160,204,182
Fredericktown,-12.41,3.75,-8.66,228,121,183
Holt,9.84,-18.53,-8.7,83,260,184
Van Horn,-6.7,-2.05,-8.76,193,170,185
Ash Grove,-9.33,0.07,-9.26,210,153,186
Carrollton,-6.8,-2.73,-9.53,195,176,187
North Platte,-2.94,-6.86,-9.8,174,199,188
Houston,-0.69,-9.29,-9.98,163,219,189
Russellville,-2.63,-8.24,-10.87,173,214,190
Stockton with Sheldon,-5.88,-5.81,-11.69,190,193,191
Lebanon,0.97,-12.93,-11.95,144,234,192
Lafayette County,-8.04,-4.03,-12.07,201,185,193
Ft. Zumwalt East,-5.93,-6.46,-12.39,191,196,194
Lawson,-7.75,-4.69,-12.44,199,188,195
Excelsior Springs,-11.68,-1.43,-13.11,224,165,196
East Buchanan,-0.07,-13.09,-13.17,157,236,197
Monroe City,-14.0,0.78,-13.21,236,146,198
Putnam County,-8.61,-4.73,-13.34,206,189,199
Hazelwood Central,-10.73,-2.62,-13.35,217,174,200
Grandview,-3.66,-10.1,-13.76,177,221,201
Perryville,-4.49,-9.5,-13.99,182,220,202
Fulton,-11.16,-2.97,-14.13,220,180,203
Riverview Gardens,-11.73,-2.51,-14.24,225,173,204
Willow Springs,-5.8,-8.79,-14.6,188,216,205
Windsor (Imperial),1.57,-16.34,-14.78,139,252,206
Kelly,-7.92,-6.99,-14.9,200,200,207
Warsaw,-8.6,-6.36,-14.96,205,195,208
Cameron,-5.82,-9.24,-15.07,189,218,209
Ft. Zumwalt South,-12.57,-2.65,-15.22,229,175,210
Penney,-1.88,-13.48,-15.36,167,238,211
Lincoln College Prep,-16.76,-0.0,-16.76,245,154,212
Pacific,-3.46,-13.44,-16.89,176,237,213
Montgomery County,-15.84,-1.22,-17.06,240,162,214
Versailles,-17.88,0.58,-17.3,254,148,215
Herculaneum,-10.13,-7.28,-17.41,214,203,216
Butler,0.09,-17.52,-17.44,154,258,217
University Academy Charter with Ewing Marion Kauffman,-7.19,-10.53,-17.72,198,222,218
McCluer,-17.61,-1.54,-19.15,251,166,219
Jennings,-21.89,2.04,-19.86,272,137,220
Kickapoo,-12.33,-7.92,-20.25,227,211,221
Charleston,-5.42,-14.88,-20.3,185,244,222
Scotland County,-10.1,-11.53,-21.64,213,227,223
Central (Kansas City),-20.9,-0.92,-21.83,266,159,224
Gallatin with Tri-County,-21.35,-0.7,-22.05,268,157,225
Scott City with Chaffee,-9.61,-13.04,-22.65,211,235,226
John Burroughs,-6.97,-16.0,-22.97,197,250,227
Marceline,-15.39,-8.08,-23.48,237,213,228
Louisiana,-12.71,-10.83,-23.54,230,224,229
Normandy Collaborative,-17.53,-6.01,-23.54,249,194,230
Adrian,-16.27,-7.47,-23.73,243,205,231
Priory,-8.34,-15.83,-24.17,204,248,232
St. James,-22.81,-1.39,-24.2,275,164,233
Parkview,-16.84,-7.53,-24.38,246,207,234
Salem,-10.79,-13.97,-24.76,218,239,235
Ruskin,-10.6,-14.53,-25.13,215,241,236
Wright City,-8.88,-16.62,-25.5,208,254,237
Hogan Prep Academy Charter,-17.69,-7.84,-25.52,252,210,238
Webster Groves,-24.51,-1.03,-25.54,280,160,239
South Shelby,-19.12,-8.01,-27.13,257,212,240
Holden,-12.3,-14.87,-27.17,226,243,241
Maysville,-20.04,-7.16,-27.2,260,201,242
Plattsburg,-16.01,-11.34,-27.34,242,226,243
Parkway Central,-11.61,-16.03,-27.64,223,251,244
Marshall,-15.89,-11.8,-27.69,241,231,245
Central (New Madrid County),-11.5,-16.41,-27.9,222,253,246
Battle,-20.32,-8.46,-28.78,262,215,247
Reeds Spring,-17.58,-12.06,-29.64,250,232,248
Diamond,-10.84,-19.11,-29.95,219,263,249
El Dorado Springs,-15.56,-15.63,-31.19,239,247,250
Waynesville,-13.14,-18.11,-31.25,233,259,251
South Harrison,-22.56,-9.17,-31.73,274,217,252
Winfield,-20.13,-11.67,-31.8,261,229,253
Clark County,-13.05,-19.21,-32.26,231,264,254
Willard,-16.36,-16.0,-32.36,244,249,255
Principia,6.15,-39.74,-33.59,107,298,256
Cuba with Steelville,-13.24,-20.73,-33.98,234,268,257
Miller Career Academy with Sumner,-13.1,-21.74,-34.84,232,271,258
Windsor,-21.08,-14.6,-35.68,267,242,259
Hermann,-17.12,-18.57,-35.69,248,261,260
Trenton,-24.93,-11.11,-36.04,282,225,261
Westran,-15.47,-20.68,-36.15,238,267,262
Lutheran South,-13.64,-23.73,-37.37,235,279,263
Fayette,-20.54,-17.05,-37.58,263,256,264
Bayless with Hancock,-20.9,-16.73,-37.63,265,255,265
Mehlville,-11.47,-26.17,-37.65,221,283,266
Hollister,-18.64,-21.32,-39.97,256,269,267
Cole Camp,-24.93,-15.33,-40.26,281,245,268
Lutheran St. Charles,-16.96,-23.34,-40.3,247,277,269
Eldon,-21.59,-19.73,-41.32,271,265,270
Sherwood,-26.01,-15.39,-41.4,283,246,271
Francis Howell North,-17.8,-24.3,-42.1,253,281,272
Malden,-21.58,-20.56,-42.14,270,266,273
St. Charles,-27.19,-17.47,-44.65,284,257,274
Knob Noster with Leeton,-19.41,-25.59,-45.0,258,282,275
Owensville,-21.55,-23.67,-45.23,269,278,276
Clayton with Brentwood,-18.46,-26.88,-45.35,255,285,277
Crest Ridge with Chilhowee,-30.3,-19.1,-49.4,289,262,278
Affton,-22.36,-27.77,-50.13,273,286,279
Truman,-24.22,-26.34,-50.55,279,284,280
Lone Jack with Kingsville,-29.25,-21.68,-50.93,287,270,281
Mark Twain,-29.56,-23.18,-52.74,288,276,282
Cabool,-23.99,-28.91,-52.9,278,287,283
Van-Far,-20.89,-32.34,-53.23,264,293,284
Northeast (Kansas City),-19.98,-34.15,-54.12,259,297,285
Lexington,-30.67,-23.94,-54.61,290,280,286
Veritas Christian Academy,-23.43,-32.1,-55.53,276,292,287
KIPP KC Legacy,-23.72,-32.43,-56.15,277,294,288
Doniphan,-33.98,-22.29,-56.27,292,274,289
Harrisburg,-34.44,-22.32,-56.76,293,275,290
Milan,-28.36,-29.25,-57.61,285,288,291
Linn,-37.61,-22.21,-59.82,297,273,292
Highland,-28.67,-33.17,-61.85,286,296,293
East Prairie,-39.79,-22.21,-62.0,298,272,294
Crystal City,-32.05,-31.98,-64.02,291,291,295
Grandview (Hillsboro),-36.59,-29.42,-66.01,294,289,296
"Pleasant Hope with Halfway, Marion C. Early",-37.23,-30.28,-67.51,295,290,297
Duchesne,-37.45,-32.95,-70.4,296,295,298
East (Kansas City),-40.61,-45.44,-86.05,299,300,299
Confluence Prep Academy Charter,-43.27,-43.04,-86.3,300,299,300
