team,classification,district,games_played,games_used_in_rating,starting_year,starting_off,starting_def,starting_ovr,final_off,final_def,final_ovr
Jackson,6,1,3,2,2025,39.64,25.95,65.59,41.30541424401009,37.498585019710674,78.80399926372075
Blue Springs,6,6,5,5,2025,27.1,31.54,58.64,34.009425181977534,35.050924931531455,69.06035011350899
Lee's Summit North,6,6,4,4,2025,30.8,25.19,55.99,35.60919719149813,33.43649140477839,69.04568859627652
Kearney,4,8,5,5,2025,23.52,32.01,55.53,31.082040608313616,34.754015014574975,65.8360556228886
Nixa,6,5,5,5,2025,34.62,28.11,62.72,34.228113158227686,29.843503265962568,64.07161642419025
North Kansas City,6,7,5,5,2025,32.82,11.96,44.78,30.275297276258502,32.69750782983768,62.97280510609619
Lee's Summit,6,6,4,4,2025,27.71,31.68,59.39,17.615149691367353,42.36640035857209,59.98155004993944
St. Pius X (Kansas City),3,8,3,3,2025,18.61,16.14,34.74,26.902243551775605,32.05744212528453,58.959685677060136
Raymore-Peculiar,6,7,4,4,2025,8.52,22.77,31.29,30.487272159538453,27.725551521494296,58.212823681032745
Blue Springs South,6,6,5,5,2025,37.0,40.13,77.13,30.375663709194335,27.733367627539053,58.10903133673339
Liberty North,6,8,5,5,2025,29.53,25.71,55.24,29.966535477343403,27.260855741305104,57.227391218648506
Christian Brothers College,6,2,3,3,2025,43.39,28.13,71.51,38.0242765684211,18.92648811223336,56.95076468065446
Rockhurst,6,7,2,2,2025,27.95,28.09,56.03,22.506643443037238,32.51725108568544,55.02389452872268
De Smet Jesuit,6,2,5,5,2025,30.89,8.58,39.47,37.7631120713042,15.07393273699618,52.83704480830038
Republic,5,6,5,5,2025,28.32,23.74,52.06,25.904928474978753,25.84482968540529,51.74975816038405
Helias Catholic,5,5,5,4,2025,24.26,26.91,51.16,21.822948014637795,29.774946626727594,51.597894641365386
Webb City,5,6,5,4,2025,24.77,18.59,43.36,19.598882177273563,31.95360030424251,51.55248248151607
Carthage,5,6,5,5,2025,26.0,31.96,57.95,25.959358338550274,25.234002644678217,51.19336098322849
Valle Catholic,2,2,5,5,2025,10.65,13.1,23.75,29.041223078388562,19.93190031071992,48.97312338910848
Lee's Summit West,6,7,5,5,2025,28.66,24.09,52.75,21.447338491182606,26.644567627005586,48.09190611818819
Cardinal Ritter,5,3,2,2,2025,25.84,30.95,56.79,25.728134975986038,22.01185124026324,47.73998621624928
Farmington,5,1,5,5,2025,24.39,6.21,30.6,23.047737393094184,23.935543612684217,46.9832810057784
Neosho,5,6,5,5,2025,22.89,11.6,34.5,28.038565182487645,18.01371494135053,46.05228012383817
Platte County,5,8,5,5,2025,37.87,28.75,66.63,20.784623072860605,24.7249469181807,45.5095699910413
Troy Buchanan,6,4,4,4,2025,23.19,13.85,37.05,29.733578415161816,15.571566619951982,45.305145035113796
Oak Park,6,8,5,5,2025,12.4,8.38,20.78,25.13675647442693,19.559211327113584,44.69596780154052
Savannah,4,8,4,4,2025,14.98,21.46,36.44,21.304360224156927,22.712155522351047,44.01651574650798
Eureka,5,2,5,5,2025,12.89,25.31,38.2,21.31777778275937,20.72643426770582,42.04421205046519
Kirkwood,6,2,4,4,2025,23.76,19.92,43.68,27.68005661931523,12.786989186320119,40.46704580563535
Cassville,3,6,5,5,2025,12.35,10.74,23.09,22.365764290572837,16.816298953898578,39.182063244471415
Lamar,2,4,4,4,2025,6.84,14.14,20.98,18.05339661190159,20.31210544959333,38.36550206149492
SLUH,6,3,5,5,2025,10.42,28.1,38.51,9.05482188868583,28.873198255888227,37.928020144574056
Blair Oaks,2,5,5,4,2025,26.8,23.28,50.08,21.336000284851508,15.763818086529387,37.09981837138089
Fort Osage,5,8,5,5,2025,15.51,18.57,34.07,18.56741365083563,18.327688050852437,36.89510170168806
Seneca,3,6,5,5,2025,26.21,15.91,42.11,15.536639400447187,21.18500876554623,36.721648165993415
Pattonville,6,3,5,5,2025,17.3,4.93,22.23,14.437185117897009,22.271408465139384,36.70859358303639
Park Hill,6,8,5,5,2025,23.48,28.06,51.54,17.930696805992806,18.356819301387574,36.287516107380384
Maryville,3,8,5,5,2025,10.66,10.71,21.38,15.327255766757633,20.66983827679551,35.99709404355314
Ladue Horton Watkins,5,3,5,4,2025,3.98,12.78,16.76,17.9347408071375,17.92184468437435,35.85658549151185
Logan-Rogersville,4,6,5,5,2025,13.39,3.63,17.02,22.41172210074848,13.343120143097714,35.7548422438462
Grain Valley,5,7,5,4,2025,27.08,17.05,44.13,15.122268127735325,19.8552456878665,34.977513815601824
Branson,5,6,4,4,2025,10.81,11.73,22.54,15.530073176625748,19.159176920912234,34.68925009753798
Staley,6,8,4,4,2025,18.79,23.56,42.35,13.054041873924515,21.43881298409205,34.492854858016564
Hannibal,4,4,5,5,2025,21.11,24.82,45.93,16.34310934561817,18.119737942807273,34.46284728842544
Rock Bridge,6,6,5,5,2025,14.61,24.97,39.58,17.374470976089025,16.982913965451164,34.35738494154019
Liberty,6,8,5,5,2025,30.09,30.25,60.34,19.89008056520515,14.015473912947808,33.90555447815296
Hickman,6,6,5,5,2025,16.77,15.63,32.4,14.82732914520174,18.797310137402544,33.624639282604285
Francis Howell,6,4,4,4,2025,16.81,11.03,27.84,16.153507975066553,17.33117496311447,33.484682938181024
St. Mary's South Side,5,1,2,2,2025,11.97,13.62,25.59,9.297170522985727,23.71298896883015,33.01015949181588
Centralia,2,7,5,4,2025,8.8,8.09,16.89,20.647045085057233,11.967467853092938,32.61451293815017
Camdenton,5,5,4,4,2025,6.39,-5.84,0.56,20.586007423831333,11.428428975596905,32.014436399428234
St. Pius X (Festus),3,2,4,3,2025,0.52,4.76,5.29,16.262056951563316,15.3892520656643,31.651309017227618
Tipton with Bunceton,1,4,5,4,2025,8.75,11.47,20.22,17.929397299242414,11.858689532488556,29.788086831730972
Festus,4,1,5,5,2025,16.22,11.17,27.39,11.278233105380684,17.635930595311688,28.91416370069237
Ozark,6,5,5,5,2025,19.13,4.76,23.89,16.42669177804938,11.810531539000339,28.237223317049718
Chaminade College Prep,5,3,5,5,2025,12.3,9.3,21.6,13.337093779961016,14.691663271374805,28.028757051335823
Odessa,4,7,5,5,2025,13.27,6.48,19.75,9.410921981994376,17.14835779538674,26.559279777381114
Lutheran North,3,3,3,2,2025,7.9,7.16,15.06,17.086476404358795,9.427143156277959,26.513619560636755
Glendale,5,5,5,5,2025,18.09,4.73,22.83,17.399991275237554,8.468945139897624,25.868936415135177
Smithville,4,8,5,4,2025,16.91,17.93,34.84,12.527202775080395,13.143053247024328,25.670256022104724
Rockwood Summit,5,2,5,5,2025,8.99,15.19,24.18,11.179846706529379,13.755912423783004,24.935759130312384
Lift for Life Academy Charter,4,3,3,3,2025,15.68,11.01,26.68,-0.7338163002995208,25.59650251247211,24.86268621217259
Joplin,6,5,5,5,2025,18.03,19.58,37.61,9.802700963044792,14.645872688399184,24.448573651443976
Seckman,6,1,5,5,2025,9.08,15.06,24.14,10.476627770284137,11.447092472850827,21.923720243134966
Hillsboro,4,1,5,5,2025,0.38,2.38,2.76,6.971300585498155,14.716299878406058,21.687600463904214
Central (St. Joseph),6,8,5,5,2025,11.28,5.06,16.34,10.730313706677007,10.71103180126415,21.441345507941158
Parkway West,5,2,5,4,2025,12.25,12.3,24.55,6.931226059999536,14.446219848671388,21.377445908670925
Lafayette (Wildwood),6,2,5,5,2025,30.98,20.3,51.28,10.572729798425357,10.561833842705786,21.134563641131145
Carl Junction,4,6,5,5,2025,12.74,8.25,20.99,6.263227085604055,14.521175224999133,20.784402310603188
Vianney,4,2,5,5,2025,12.33,0.72,13.05,18.151168807486545,2.4917879718040337,20.64295677929058
Mid-Buchanan,2,8,5,4,2025,11.38,3.94,15.32,13.644074388105507,6.979657354449315,20.62373174255482
MICDS,3,3,5,4,2025,5.03,10.75,15.77,17.623947686578937,2.8002001759882913,20.424147862567228
Nevada,3,6,5,5,2025,13.86,13.05,26.91,8.806195547727679,11.12351794197779,19.92971348970547
Lebanon,5,5,5,5,2025,19.69,9.55,29.24,14.46204570570574,5.340824614968357,19.802870320674096
Marquette,6,2,5,5,2025,-1.16,0.6,-0.55,8.94989477243357,10.392441246440894,19.342336018874462
Raytown,5,8,5,5,2025,13.02,10.41,23.42,4.1277695294461045,14.968623708121843,19.09639323756795
Southern Boone,3,4,5,5,2025,-10.49,3.55,-6.93,7.105825641760138,11.05279418813937,18.158619829899507
Northwest (Cedar Hill),6,1,4,4,2025,13.2,5.95,19.15,5.050992867709175,13.052384157074409,18.103377024783583
Warrensburg,4,5,5,5,2025,11.21,10.87,22.08,11.23017928873942,6.717968190621444,17.948147479360863
Park Hill South,6,7,5,5,2025,8.52,14.52,23.04,8.785558317210937,9.12640441348163,17.911962730692565
Mt. Vernon,3,6,5,5,2025,5.17,9.82,14.99,5.714569613288109,11.832354850763393,17.5469244640515
Oakville,6,1,5,5,2025,3.18,18.51,21.68,7.003306440153736,9.96777368108341,16.971080121237144
West Plains,5,5,5,4,2025,15.97,11.19,27.16,7.440941278259922,9.489322518489763,16.930263796749685
Pembroke Hill,3,7,4,4,2025,-10.12,-6.14,-16.26,6.99606004178386,9.747060061366707,16.743120103150567
St. Vincent,2,1,5,5,2025,-0.07,-2.45,-2.51,-0.13590049424564912,16.57423086716136,16.43833037291571
Lindbergh,6,1,5,5,2025,5.98,4.75,10.73,0.6669313758920595,15.385160620298931,16.052091996190992
Bolivar,4,6,5,5,2025,-3.82,6.26,2.44,4.5280402719038255,11.362268746491816,15.89030901839564
Hallsville,3,4,5,5,2025,-4.2,-12.69,-16.89,9.02952131536813,6.657311861056208,15.686833176424338
Ft. Zumwalt North,5,4,5,5,2025,13.05,21.17,34.22,6.885450562689542,8.604883272801759,15.4903338354913
Monett,4,6,5,5,2025,25.19,-3.23,21.95,12.873808528048421,2.095443625381875,14.969252153430297
Timberland,5,4,5,5,2025,1.86,2.78,4.64,12.394144551369306,2.436109236780744,14.830253788150051
Pleasant Hill,4,7,5,5,2025,-1.32,7.46,6.14,4.421798097867886,9.69641434203526,14.118212439903147
Sullivan,4,2,5,5,2025,-6.25,3.41,-2.84,6.568129924142734,7.297883644292342,13.866013568435076
Moberly,4,5,4,4,2025,2.47,2.43,4.9,5.3216605272909145,8.261751902352241,13.583412429643156
Capital City,5,7,4,4,2025,19.38,14.08,33.46,8.242212848901241,5.316430841010006,13.558643689911246
Macon,3,8,5,5,2025,-10.98,0.24,-10.74,-1.8143292528098158,14.913230021062232,13.098900768252415
Parkway North,4,4,5,5,2025,5.7,15.89,21.59,4.792809947836963,7.814650740731445,12.607460688568409
Palmyra,2,7,5,5,2025,3.03,0.93,3.96,12.436705741452924,0.09530494703441884,12.532010688487343
Fair Grove,2,3,5,5,2025,-0.36,-1.87,-2.23,6.265090184107078,5.8861521047794225,12.1512422888865
Sikeston,4,1,5,4,2025,3.05,-7.74,-4.68,2.103406495811216,9.973443043913125,12.076849539724341
Harrisonville,4,7,5,5,2025,5.37,7.0,12.38,10.146859513812187,1.9014348247823623,12.048294338594548
Thayer,1,1,3,3,2025,12.57,9.93,22.5,10.601909211138828,0.8839851551323596,11.485894366271188
Rolla,5,5,4,4,2025,3.67,7.07,10.74,11.75801729602954,-0.4105386190858947,11.347478676943645
Fox,5,1,5,5,2025,6.42,4.73,11.15,4.416768211569288,6.865594692236342,11.28236290380563
Mountain Grove,3,5,5,4,2025,13.08,9.58,22.66,2.6840366505256092,8.536951030225204,11.220987680750813
Jefferson City,5,5,5,5,2025,2.09,6.26,8.35,11.22591815844134,-0.05522440792466041,11.17069375051668
Central (Cape Girardeau),5,1,5,5,2025,-1.9,16.33,14.43,0.09667887145834646,10.491243025841698,10.587921897300044
University City,4,3,3,2,2025,1.4,3.65,5.05,0.8789000333055341,9.299479993290635,10.17838002659617
Ft. Zumwalt West,6,4,5,5,2025,11.77,20.83,32.6,6.553371265969282,3.604917193592141,10.158288459561422
Kickapoo,6,5,5,5,2025,3.92,10.46,14.38,1.681580973098054,8.019648280830564,9.701229253928618
St. Charles West,4,4,5,5,2025,-0.18,-13.64,-13.82,2.086749342756237,7.116891966597822,9.203641309354058
Pierce City,1,3,5,5,2025,-5.87,-17.64,-23.51,-0.14232958255117925,9.102346610300833,8.960017027749654
St. Dominic,5,4,5,5,2025,14.11,8.16,22.27,-0.1714915723429666,8.737038596564942,8.565547024221974
Boonville,3,7,5,5,2025,6.04,3.07,9.11,9.875670477969246,-1.4106758021234753,8.464994675845771
Ritenour,6,3,5,5,2025,6.81,12.13,18.94,7.281128676496413,0.9013521984438945,8.182480874940309
Center,3,7,4,4,2025,-9.79,-17.31,-27.09,9.514595598150981,-1.4452758383818731,8.069319759769108
Smith-Cotton,5,7,5,5,2025,-0.54,9.21,8.67,5.711390689749533,2.355948024091064,8.067338713840597
Springfield Catholic,2,3,4,4,2025,0.68,-4.5,-3.82,5.445938009988299,1.3772152433392362,6.823153253327535
Liberty (Wentzville),6,4,5,4,2025,12.69,11.2,23.88,0.6981482612920011,5.910091474948577,6.608239736240578
Marshfield,4,6,5,5,2025,-6.14,-0.21,-6.35,6.8154756872425155,-0.4338031371281312,6.381672550114384
Skyline,1,4,5,5,2025,-10.11,-16.19,-26.29,6.158990756348456,0.19800514040269043,6.356995896751147
Ste. Genevieve,3,1,5,5,2025,6.97,6.42,13.38,2.9505592920841774,3.2770559646830666,6.227615256767244
North Callaway,2,5,5,5,2025,4.59,-0.74,3.84,22.153810824864692,-15.988211446142616,6.165599378722076
Chillicothe,3,8,5,5,2025,-7.67,4.66,-3.01,-2.1588274816830575,7.747560628569523,5.588733146886465
Clever,2,4,5,5,2025,-6.93,4.16,-2.76,-2.5590493952459528,8.090525788779058,5.531476393533104
Richmond,3,8,5,5,2025,0.34,-0.29,0.05,7.893397448591062,-2.529669666852831,5.363727781738231
Belton,5,7,5,5,2025,11.81,-2.88,8.93,5.418245151941923,-0.2048411318850497,5.213404020056873
Miller,1,3,5,5,2025,-9.28,-5.84,-15.13,-6.186385832744426,10.852913192234974,4.666527359490548
McDonald County,4,6,5,5,2025,10.62,12.36,22.98,0.9761160458274901,2.6559746454962245,3.6320906913237145
Westminster Christian Academy,4,2,5,5,2025,-12.68,-2.46,-15.14,-8.85649711836195,12.433562851534239,3.5770657331722884
Liberty (Mountain View),2,3,5,5,2025,4.28,16.54,20.82,-1.6665404502012153,4.797820371468798,3.1312799212675824
Poplar Bluff,5,1,5,5,2025,-2.52,5.41,2.88,-0.2937468367670786,2.6574996318213393,2.3637527950542605
Union,4,2,5,5,2025,-7.72,5.02,-2.7,-0.9480291812091474,3.242378929753635,2.2943497485444877
Mexico,4,5,5,5,2025,5.2,5.4,10.6,-3.3473281706066635,5.064421888228428,1.7170937176217644
Oak Grove,3,7,5,5,2025,-10.86,2.79,-8.07,-8.243910922480461,9.688426054985769,1.4445151325053072
Kirksville,4,5,5,5,2025,-5.3,9.25,3.95,-6.7038495450486675,7.937681236177882,1.2338316911292146
Raytown South,4,7,5,5,2025,-9.57,0.6,-8.97,-6.9755695602559715,7.52920076615078,0.5536312058948081
Winnetonka,5,8,5,5,2025,6.64,9.47,16.11,7.478770947784369,-6.965437313161086,0.5133336346232831
Salisbury,1,7,5,3,2025,1.25,4.66,5.91,2.5288281589773254,-2.391847807374225,0.1369803516031003
Warrenton,4,4,5,5,2025,-6.03,2.62,-3.41,-9.773732233987555,9.665602380310883,-0.10812985367667238
Francis Howell Central,6,4,5,5,2025,2.95,0.18,3.13,-6.553096763395794,6.430554476471878,-0.12254228692391589
William Chrisman,5,8,5,5,2025,4.04,3.71,7.75,1.0159769951881696,-1.2640165299025026,-0.24803953471433293
DeSoto,4,1,5,5,2025,-7.26,2.05,-5.2,-1.3056192665735542,0.8219303828444997,-0.4836888837290545
Brookfield,2,8,5,5,2025,-7.4,-3.38,-10.78,2.7776168380612063,-3.4503330082575334,-0.6727161701963271
Aurora,3,6,5,5,2025,-1.14,-6.54,-7.67,-8.133527431087778,6.937860917386768,-1.1956665137010098
North County,4,1,5,5,2025,-2.85,4.54,1.69,1.0830276305336883,-2.638069739956959,-1.5550421094232707
Hayti,1,1,4,4,2025,-0.45,-13.55,-14.0,-0.1657935429334467,-1.662823115198009,-1.8286166581314558
Summit Christian Academy,3,7,3,3,2025,-1.55,-5.69,-7.24,-7.649037706347867,5.438341956031005,-2.2106957503168623
East Newton,2,4,5,5,2025,-5.01,1.73,-3.28,-0.3381175970254721,-2.273270889820241,-2.6113884868457133
Clinton,3,7,5,5,2025,-0.23,6.35,6.12,-3.5727206269807965,0.957834523351227,-2.6148861036295696
Kennett,3,1,5,5,2025,-4.5,-9.86,-14.36,0.8705066184319226,-3.7225713645865026,-2.8520647461545803
Father Tolton,2,5,5,5,2025,4.13,11.36,15.49,4.262897555669461,-7.27659341788744,-3.013695862217979
Portageville,1,1,5,5,2025,-13.32,-8.93,-22.25,8.13983373088929,-11.763814412517965,-3.623980681628675
St. Francis Borgia,3,4,5,5,2025,0.34,4.55,4.89,-5.86626899983024,2.179366065883781,-3.6869029339464587
St. Clair,3,2,5,5,2025,3.76,-2.14,1.62,-6.482442180904691,2.7875616147463043,-3.694880566158387
Hazelwood East,5,3,5,5,2025,6.88,12.74,19.62,-8.55664003180374,4.340359343853372,-4.216280687950368
Dexter,3,1,5,3,2025,3.7,10.31,14.01,-5.218098244617812,0.6679577140979439,-4.550140530519868
Central (Park Hills),3,2,5,5,2025,-3.76,-0.53,-4.29,-1.6986100653312621,-2.9512766949322407,-4.649886760263502
North Point,5,4,5,5,2025,5.73,0.66,6.39,9.281976837012625,-14.093000202424792,-4.811023365412167
Willard,5,6,5,5,2025,3.32,-1.43,1.89,-1.958230763225601,-2.966626556720784,-4.924857319946385
St. Michael the Archangel,3,7,5,4,2025,15.23,4.19,19.42,-4.148657422844209,-0.8322055314788244,-4.980862954323033
Benton,4,8,5,5,2025,-8.28,-6.67,-14.95,-1.4890790107596488,-3.5837104313720016,-5.072789442131651
Marionville,1,3,5,5,2025,6.16,7.51,13.67,-6.662961543668658,1.3463936289353247,-5.316567914733334
California,2,5,5,4,2025,-19.56,-12.21,-31.77,0.9720763231056886,-6.438768890316521,-5.466692567210833
Ava,2,3,5,5,2025,6.51,-5.27,1.24,-9.571649237196164,3.646858897033049,-5.924790340163115
Potosi,3,2,5,5,2025,2.46,-3.53,-1.07,-3.5758278167450315,-2.7454469689368266,-6.321274785681858
Washington,5,2,5,5,2025,-4.47,-1.76,-6.23,-0.4198701969556702,-6.013243285288677,-6.433113482244347
Waynesville,6,5,5,4,2025,-9.01,-10.13,-19.14,-4.234268075850887,-2.228460150307175,-6.462728226158061
Excelsior Springs,4,8,5,5,2025,-10.06,-3.55,-13.62,-9.333276007907662,2.0804298818874885,-7.252846126020174
Bowling Green,2,7,5,5,2025,-12.64,-19.12,-31.76,2.9778676109470408,-10.306224241738168,-7.328356630791127
Parkway South,5,2,5,5,2025,-14.17,-5.45,-19.62,-0.34036865310959774,-7.040655106088499,-7.381023759198097
Hazelwood West,6,3,5,5,2025,-17.24,-11.58,-28.82,-2.7869401729678276,-4.965556720747718,-7.752496893715545
Lathrop,2,8,5,5,2025,-20.37,-8.17,-28.54,-8.417397210691606,0.660437958889487,-7.756959251802119
Orchard Farm,4,4,5,5,2025,14.62,3.54,18.16,-3.003957615566672,-4.903469395652474,-7.907427011219146
Caruthersville,2,1,4,3,2025,2.52,0.49,3.01,2.5375926911288498,-10.744611970445336,-8.207019279316485
Strafford,3,5,5,5,2025,-17.54,-8.91,-26.45,-7.163919757763602,-1.1193437325878761,-8.283263490351478
West Platte,2,8,5,5,2025,-3.2,0.72,-2.48,-3.2214376419540467,-5.094481123219266,-8.315918765173313
Van Horn,4,8,5,5,2025,-0.67,1.92,1.25,-7.231216543958713,-1.4056438781714116,-8.636860422130123
Forsyth,2,3,5,5,2025,7.35,-6.56,0.79,-2.190684506587385,-6.64592088438208,-8.836605390969465
Carrollton,1,5,5,5,2025,-16.89,-15.18,-32.07,-7.33000835047655,-1.566399471426907,-8.896407821903457
Osage,4,5,5,5,2025,3.94,6.39,10.33,-3.0515533211166606,-6.039932611474295,-9.091485932590956
Buffalo,3,5,5,5,2025,-15.87,-10.06,-25.93,5.409069901953115,-14.882407946396281,-9.473338044443166
Gateway with Soldan International Studies,4,3,3,3,2024,-7.345,-1.7149999999999999,-9.055000000000001,-6.8784093680873575,-2.907336731833242,-9.7857460999206
Holt,4,4,5,5,2025,-1.07,-1.8,-2.86,9.47007522128462,-19.581470023902934,-10.111394802618314
Monroe City,2,7,5,3,2025,15.35,5.27,20.62,-11.98316134886184,1.0784825550585815,-10.904678793803258
Hillcrest,4,6,4,4,2025,-12.92,-5.98,-18.9,-3.066165674862888,-9.099885678253472,-12.166051353116359
South Callaway,2,5,5,5,2025,-14.44,-2.54,-16.97,-13.498702674177247,1.2932244833795437,-12.205478190797704
Sarcoxie,2,4,4,4,2025,-10.91,-7.67,-18.57,-4.92260480613111,-7.833144949319069,-12.755749755450179
McCluer North,5,3,5,5,2025,-10.7,-2.6,-13.3,-10.615454728062176,-2.233667349402856,-12.849122077465031
Lincoln College Prep,5,8,3,3,2025,-3.3,7.21,3.92,-14.355516036398926,1.4135101924759188,-12.942005843923008
Warsaw,2,4,5,4,2025,-2.42,9.53,7.11,-5.701765812843183,-7.257103219447225,-12.958869032290409
Houston,2,3,5,5,2025,-0.41,-9.69,-10.1,-3.5779657920871313,-9.899275633490504,-13.477241425577635
North Platte,1,5,5,5,2025,-2.33,-12.42,-14.75,-4.627721743742346,-9.138320263361113,-13.766042007103458
Cameron,3,8,5,5,2025,1.75,1.13,2.88,-6.874642237653689,-6.951535560720251,-13.82617779837394
Ft. Zumwalt East,5,4,4,4,2025,-5.01,-2.71,-7.72,-6.136023903945966,-8.043923728912167,-14.179947632858134
Grandview,5,7,4,3,2025,-17.5,-8.56,-26.05,-3.7777932239351326,-10.802513333508056,-14.580306557443189
Lawson,2,8,5,5,2025,6.56,-4.55,2.01,-7.1929811972296855,-7.638920702282051,-14.831901899511736
Jennings,4,3,4,4,2025,-0.68,-3.71,-4.39,-14.069814283598776,-0.934122428314634,-15.00393671191341
Fredericktown,3,1,5,5,2025,-15.57,-14.11,-29.69,-16.425925999509456,1.2097721382368687,-15.216153861272588
Putnam County,1,8,5,5,2025,1.71,4.05,5.76,-10.942704913397996,-4.338044115066213,-15.280749028464209
Saxony Lutheran,2,1,3,3,2025,-13.9,-22.52,-36.43,-8.236495832831181,-7.143001550777871,-15.379497383609053
Lafayette County,2,6,5,5,2025,-9.51,-12.89,-22.4,-6.496080381558571,-9.052742794844034,-15.548823176402605
Russellville,1,4,4,4,2025,-6.34,-8.61,-14.95,-7.31148432570716,-8.523973403349014,-15.835457729056174
Perryville,3,1,5,5,2025,-9.91,-6.16,-16.07,-5.467411333559199,-10.633956617447629,-16.10136795100683
University Academy Charter with Ewing Marion Kauffman,4,7,5,5,2025,-9.03,7.29,-1.75,-11.022831245792194,-6.191569531699468,-17.21440077749166
Ft. Zumwalt South,5,4,5,5,2025,-13.99,-1.9,-15.89,-13.878138122340946,-4.20611555650689,-18.084253678847837
Hazelwood Central,5,3,4,4,2025,-12.33,-0.68,-13.01,-12.366204065232143,-6.089605162301695,-18.455809227533837
East Buchanan,1,6,5,5,2025,-5.84,-14.87,-20.71,-5.778519504538686,-13.62138057221835,-19.399900076757035
Penney,1,6,5,5,2025,-17.25,-7.86,-25.11,-7.219794852817575,-12.271483861502183,-19.49127871431976
Stockton with Sheldon,2,4,5,5,2025,-6.76,-12.01,-18.77,-12.580830695126,-7.5334574515565285,-20.11428814668253
Ash Grove,1,3,5,5,2025,-7.99,-2.06,-10.05,-13.035731406757765,-7.2151760192631516,-20.250907426020916
Fulton,3,4,5,5,2025,-15.1,-17.18,-32.28,-13.479291216977776,-7.985470480218176,-21.464761697195954
Jefferson (Festus),2,2,5,5,2025,-12.03,-15.18,-27.2,-16.767416956269148,-4.747939009530193,-21.51535596579934
Montgomery County,2,2,5,5,2025,-7.02,1.29,-5.72,-18.501055665033892,-3.518816149650781,-22.019871814684674
Willow Springs,2,3,5,5,2025,-16.85,-17.39,-34.24,-10.346794530959365,-11.914551134391436,-22.261345665350802
Butler,2,6,5,5,2025,-11.01,-10.17,-21.17,-3.687921414142844,-18.610833602601787,-22.29875501674463
McCluer,5,3,5,5,2025,-5.3,-4.08,-9.38,-18.39753834651213,-3.920093460714993,-22.317631807227123
Ruskin,5,7,5,4,2025,-15.73,-8.25,-23.98,-9.432991765127865,-13.089286722432387,-22.52227848756025
Pacific,4,2,5,5,2025,-2.54,-6.26,-8.8,-5.998629097375545,-16.65615575090345,-22.654784848278997
John Burroughs,3,3,3,3,2025,-15.52,-3.84,-19.36,-12.450049109397611,-10.702530218329825,-23.152579327727437
Webster Groves,5,2,4,4,2025,0.97,-8.73,-7.76,-20.92606435415298,-2.835264289759142,-23.761328643912123
Marshall,4,5,5,5,2025,0.86,-6.14,-5.28,-13.945589005389468,-10.572097100460889,-24.51768610585036
Kelly,2,1,5,5,2025,-23.68,-5.06,-28.74,-14.777155016331308,-9.926696030399246,-24.703851046730556
Gallatin with Tri-County,1,6,5,5,2025,-13.68,-11.3,-24.99,-20.436240786832204,-4.519317347089625,-24.95555813392183
Adrian,1,5,5,5,2025,-8.03,-4.82,-12.86,-18.533252199739636,-6.7694879992731725,-25.30274019901281
Holden,2,6,5,5,2025,-0.76,3.14,2.38,-9.811869213228853,-16.45281136372066,-26.264680576949512
Herculaneum,3,2,5,5,2025,-8.58,-7.51,-16.08,-14.678122200554775,-11.767690952314814,-26.44581315286959
St. James,3,5,5,5,2025,-9.93,-3.89,-13.81,-22.640459967791145,-4.414463766367738,-27.054923734158884
Windsor (Imperial),4,1,5,5,2025,-10.34,-17.49,-27.83,-5.0506996391250905,-22.19672382987692,-27.24742346900201
Marceline,1,8,5,5,2025,-14.82,-10.36,-25.18,-16.464281770699305,-11.070512535334508,-27.534794306033813
Central (Kansas City),4,7,5,5,2025,-30.18,-20.82,-51.0,-22.71550528317893,-4.967588793703185,-27.683094076882117
Battle,5,7,5,4,2025,-4.9,-9.41,-14.31,-19.70886905704479,-8.184920275089667,-27.893789332134457
Charleston,1,1,5,5,2025,-18.83,-12.81,-31.64,-7.639335762642788,-20.483096780667648,-28.122432543310435
Riverview Gardens,4,3,4,2,2025,-29.33,-14.17,-43.5,-15.013678008722234,-13.614775239901235,-28.62845324862347
Plattsburg,1,6,5,4,2025,-17.42,-38.09,-55.51,-13.344672787679151,-15.595942127200052,-28.940614914879205
Louisiana,1,2,5,5,2025,-15.86,-22.68,-38.54,-14.990043260271213,-13.974467075860295,-28.964510336131507
Scotland County,1,8,4,4,2025,-15.97,-21.51,-37.47,-13.28101677717769,-15.724457671693402,-29.00547444887109
South Shelby,1,8,5,5,2025,-26.29,-13.13,-39.42,-19.961548461974996,-9.200751427158101,-29.162299889133095
Parkview,5,6,4,4,2025,-8.12,11.33,3.21,-20.671618810374206,-8.663477721265773,-29.335096531639977
Salem,3,5,5,5,2025,-20.35,-8.38,-28.72,-15.145012608343398,-15.334432444518281,-30.479445052861678
Hogan Prep Academy Charter,2,6,3,3,2025,-24.65,-19.57,-44.22,-21.048092662218444,-10.307263713307016,-31.35535637552546
Maysville,1,6,5,5,2015,-5.35,-20.23,-25.58,-22.34867068931551,-9.460926519427641,-31.809597208743153
Wright City,3,4,5,5,2025,-10.29,-8.84,-19.12,-12.143333019511557,-19.69798392221442,-31.841316941725978
Parkway Central,5,2,5,5,2025,-16.09,-10.65,-26.73,-12.045237912194786,-19.860601316371106,-31.905839228565892
Mehlville,5,1,5,5,2025,-17.14,-5.38,-22.52,-13.092989519257964,-19.093115875793778,-32.18610539505174
South Harrison,1,6,5,4,2025,-7.0,0.63,-6.37,-25.617470030605702,-7.1076539498260685,-32.72512398043177
Scott City with Chaffee,3,1,5,5,2025,-14.959999999999999,-17.185000000000002,-32.14,-17.036213453691357,-16.79044742642705,-33.82666088011841
Versailles,2,5,5,3,2025,-32.08,-40.48,-72.57,-22.391396825991247,-11.531564572304049,-33.9229613982953
Clark County,2,7,5,5,2025,-15.69,-18.84,-34.53,-16.289783652208325,-17.663063853420283,-33.95284750562861
Reeds Spring,3,6,5,5,2025,-12.45,-12.21,-24.66,-21.264904812236384,-13.108406176551577,-34.37331098878796
El Dorado Springs,2,4,4,4,2025,-20.81,-12.57,-33.38,-17.556068797959274,-18.677458280798938,-36.233527078758215
Priory,3,3,5,4,2025,-32.04,-32.92,-64.95,-17.394063312571646,-20.42767907018428,-37.82174238275593
Windsor,1,4,5,5,2025,-12.83,-5.99,-18.82,-23.78494194404002,-15.071061746201014,-38.85600369024104
Normandy Collaborative,3,3,5,4,2025,-37.36,-26.2,-63.56,-26.417261078054604,-12.662315773265567,-39.07957685132017
Westran,1,7,5,5,2025,-22.98,-19.35,-42.33,-18.179504700093272,-21.05758605214586,-39.23709075223913
Winfield,3,3,5,5,2025,-22.77,-7.52,-30.29,-22.82105864345766,-16.7438824929672,-39.56494113642486
Central (New Madrid County),2,1,5,5,2025,-11.51,-10.1,-21.61,-17.09196152731306,-22.755460650287556,-39.84742217760062
Sherwood,1,5,5,5,2025,-22.51,-17.76,-40.26,-26.826796213663805,-13.442736184560026,-40.26953239822383
Francis Howell North,6,3,5,4,2025,-27.92,-18.16,-46.08,-21.718378063841065,-18.926404460409877,-40.64478252425094
Trenton,2,8,5,5,2025,-19.53,-21.16,-40.69,-24.308275571252263,-16.445528987062104,-40.75380455831437
Fayette,1,7,5,5,2025,-23.43,-19.48,-42.91,-22.610857753141875,-19.2107217616154,-41.821579514757275
Knob Noster with Leeton,4,5,5,5,2025,-0.25,-0.57,-0.82,-18.404195811898603,-23.52557941475011,-41.929775226648715
Diamond,1,3,4,4,2025,-26.44,-28.87,-55.31,-20.948613992224832,-21.264484433933195,-42.21309842615803
Miller Career Academy with Sumner,2,2,5,4,2025,-15.995000000000001,-24.6,-40.595,-16.645937773715673,-25.88848392281533,-42.534421696531
Cole Camp,2,5,5,4,2025,-13.57,-11.81,-25.38,-25.999498564319676,-17.359536235239478,-43.359034799559154
Cuba with Steelville,3,5,5,5,2025,-22.69,-35.03,-57.73,-18.37095742327913,-25.074149418228178,-43.44510684150731
Truman,5,8,5,5,2025,0.2,-3.76,-3.56,-21.310059217507554,-23.075808939284812,-44.38586815679237
Hollister,3,6,4,4,2025,-3.39,-11.0,-14.39,-21.473148080201625,-22.964004192438466,-44.43715227264009
Hermann,2,2,5,5,2025,-18.84,-15.99,-34.83,-20.688975606578687,-24.29873375811468,-44.987709364693366
Lutheran St. Charles,3,3,5,5,2025,-18.87,-12.19,-31.06,-19.231310017469646,-25.76499555424603,-44.99630557171568
Clayton with Brentwood,4,3,3,3,2025,-18.835,-14.75,-33.58,-20.87646389678797,-24.66451549366382,-45.540979390451795
Crest Ridge with Chilhowee,1,5,5,5,2025,-13.0,-21.5,-34.5,-27.411776576664135,-18.473270693700613,-45.88504727036475
Owensville,3,4,5,5,2025,-24.3,-22.31,-46.61,-24.222303991228515,-23.69224974907824,-47.91455374030676
Eldon,3,4,5,5,2025,-13.92,-15.2,-29.12,-26.412992680426488,-22.565188473931467,-48.978181154357955
Malden,1,1,5,4,2025,-33.83,-36.83,-70.66,-23.859850212742554,-25.47737661188135,-49.337226824623905
Lone Jack with Kingsville,2,6,5,5,2025,-29.8,-28.46,-58.26,-28.693839846198724,-20.75129232705733,-49.445132173256056
Bayless with Hancock,4,2,4,4,2023,-24.92,-39.8,-64.72,-26.803028311885328,-22.94750411403757,-49.7505324259229
Lutheran South,3,2,5,3,2025,-21.13,-28.11,-49.25,-21.637187871822995,-30.352643045079677,-51.989830916902676
St. Charles,4,4,4,4,2025,-22.12,-13.76,-35.88,-32.715815190099676,-20.05444978981791,-52.770264979917584
Lexington,2,6,5,5,2025,-20.9,-25.12,-46.02,-31.59349433350447,-21.64398039408038,-53.23747472758485
Van-Far,1,7,5,5,2025,-10.92,-11.94,-22.86,-20.895332604169873,-33.08149337969954,-53.97682598386941
Principia,1,2,3,2,2021,-30.84,-37.46,-68.29,-15.117620840360528,-40.577451838364865,-55.695072678725396
Mark Twain,2,7,5,4,2025,-29.12,-25.78,-54.89,-33.942280747164716,-21.908780619849818,-55.85106136701454
KIPP KC Legacy,2,6,4,3,2025,-37.06,-27.95,-65.01,-25.96125020245344,-30.524489302793167,-56.485739505246606
Harrisburg,1,7,5,5,2025,-11.67,-16.08,-27.75,-34.61620914718206,-22.698643040169554,-57.31485218735162
Northeast (Kansas City),4,8,3,3,2025,-23.1,-22.22,-45.32,-24.44381646472217,-33.70140697334458,-58.14522343806675
Affton,4,2,3,3,2025,-28.69,-26.46,-55.15,-30.71913308621928,-27.788271738667994,-58.507404824887274
Veritas Christian Academy,1,2,2,2,2025,-32.03,-31.86,-63.89,-26.935581078024352,-33.70414880484251,-60.63972988286686
Cabool,1,1,5,4,2025,-28.6,-27.93,-56.53,-28.857584769156944,-31.982870620550052,-60.840455389706996
Linn,1,4,5,5,2025,-27.1,-32.99,-60.09,-37.81429045679859,-25.03139280704063,-62.84568326383922
Doniphan,3,1,4,3,2025,-28.85,-23.89,-52.74,-38.81584311855528,-25.935367188053046,-64.75121030660833
"Pleasant Hope with Halfway, Marion C. Early",3,5,5,4,2020,-42.19,-46.58,-88.77,-35.83636862603352,-31.320590142416766,-67.15695876845028
Milan,1,8,4,2,2025,-34.59,-36.06,-70.65,-31.511121152810826,-36.308066393831304,-67.81918754664213
Grandview (Hillsboro),1,2,5,5,2025,-9.27,-14.04,-23.31,-38.55427809115377,-29.80886620461269,-68.36314429576646
East Prairie,2,1,5,4,2025,-21.11,-26.31,-47.42,-44.59826670139596,-24.356047010863776,-68.95431371225973
Highland,2,7,5,3,2025,-23.95,-32.81,-56.76,-32.83696824230152,-36.7507290275425,-69.58769726984403
Crystal City,1,2,5,5,2025,-27.04,-31.13,-58.18,-35.36446996942959,-35.63290277277977,-70.99737274220936
East (Kansas City),4,7,4,4,2022,-29.26,-27.63,-56.89,-38.643100653220365,-43.12068297279431,-81.76378362601469
Duchesne,2,2,3,3,2025,-46.38,-46.31,-92.69,-43.25129399511513,-40.46654568113704,-83.71783967625217
Confluence Prep Academy Charter,2,2,4,4,2019,-36.89,-25.49,-62.38,-46.0754442363802,-47.19652849073256,-93.27197272711277
